{
    "version": "0.4",
    "title": "404 Page",
    "type": "page",
    "metadata": {
        "template_type": "single-page",
        "include_in_zip": "1",
        "elementor_pro_required": null,
        "wp_page_template": "elementor_header_footer"
    },
    "content": [
        {
            "id": "42602e28",
            "settings": {
                "height": "min-height",
                "custom_height": {
                    "unit": "vh",
                    "size": 60,
                    "sizes": []
                },
                "custom_height_tablet": {
                    "unit": "vh",
                    "size": "",
                    "sizes": []
                },
                "custom_height_mobile": {
                    "unit": "vh",
                    "size": "",
                    "sizes": []
                },
                "background_background": "classic",
                "background_image": {
                    "url": "http:\/\/mhkit.rometheme.pro\/moderior\/wp-content\/uploads\/sites\/4\/2022\/05\/vintage-style-grey-living-room-interior-with-trend-2021-08-27-09-33-20-398STG8.jpg",
                    "id": 752,
                    "alt": "",
                    "source": "library"
                },
                "background_position": "bottom center",
                "background_attachment": "fixed",
                "background_repeat": "no-repeat",
                "background_size": "cover",
                "background_overlay_background": "classic",
                "padding": {
                    "unit": "em",
                    "top": "6",
                    "right": "1",
                    "bottom": "6",
                    "left": "1",
                    "isLinked": false
                },
                "padding_tablet": {
                    "unit": "em",
                    "top": "",
                    "right": "",
                    "bottom": "",
                    "left": "",
                    "isLinked": true
                },
                "padding_mobile": {
                    "unit": "em",
                    "top": "",
                    "right": "",
                    "bottom": "",
                    "left": "",
                    "isLinked": true
                },
                "__globals__": {
                    "background_overlay_color": "globals\/colors?id=primary"
                },
                "background_overlay_opacity": {
                    "unit": "px",
                    "size": 0.8,
                    "sizes": []
                },
                "_title": "404 Section"
            },
            "elements": [
                {
                    "id": "283f7f38",
                    "settings": {
                        "_column_size": 100,
                        "_inline_size": null
                    },
                    "elements": [
                        {
                            "id": "6eb9f471",
                            "settings": {
                                "title": "Error 404",
                                "align": "center",
                                "__globals__": {
                                    "typography_typography": "globals\/typography?id=7eac462",
                                    "title_color": "globals\/colors?id=dcb4c1a"
                                }
                            },
                            "elements": [],
                            "isInner": false,
                            "widgetType": "heading",
                            "elType": "widget"
                        },
                        {
                            "id": "16a4e425",
                            "settings": {
                                "title": "Page not found, please go back",
                                "align": "center",
                                "__globals__": {
                                    "typography_typography": "globals\/typography?id=64ead09",
                                    "title_color": "globals\/colors?id=dcb4c1a"
                                },
                                "header_size": "h3"
                            },
                            "elements": [],
                            "isInner": false,
                            "widgetType": "heading",
                            "elType": "widget"
                        },
                        {
                            "id": "7b07e5e2",
                            "settings": {
                                "text": "Homepage",
                                "align": "center",
                                "size": "md",
                                "__globals__": {
                                    "typography_typography": "globals\/typography?id=fe8f432",
                                    "button_text_color": "globals\/colors?id=dcb4c1a",
                                    "background_color": "globals\/colors?id=secondary",
                                    "button_background_hover_color": "globals\/colors?id=dcb4c1a",
                                    "hover_color": "globals\/colors?id=secondary"
                                }
                            },
                            "elements": [],
                            "isInner": false,
                            "widgetType": "button",
                            "elType": "widget"
                        }
                    ],
                    "isInner": false,
                    "elType": "column"
                }
            ],
            "isInner": false,
            "elType": "section"
        }
    ]
}