{
    "version": "0.4",
    "title": "Contact Us",
    "type": "page",
    "metadata": {
        "template_type": "single-page",
        "include_in_zip": "1",
        "elementor_pro_required": null,
        "wp_page_template": "elementor_header_footer"
    },
    "content": [
        {
            "id": "3ab5e6b7",
            "settings": {
                "height": "min-height",
                "custom_height": {
                    "unit": "vh",
                    "size": 40,
                    "sizes": []
                },
                "custom_height_tablet": {
                    "unit": "vh",
                    "size": "",
                    "sizes": []
                },
                "custom_height_mobile": {
                    "unit": "vh",
                    "size": "",
                    "sizes": []
                },
                "background_background": "classic",
                "background_image": {
                    "url": "http:\/\/mhkit.rometheme.pro\/moderior\/wp-content\/uploads\/sites\/4\/2022\/05\/mock-up-green-wall-with-green-sofa-and-decor-in-li-2022-05-11-00-23-53-S3JAHUY.jpg",
                    "id": 1307,
                    "alt": "",
                    "source": "library"
                },
                "background_position": "center center",
                "background_repeat": "no-repeat",
                "background_overlay_background": "classic",
                "__globals__": {
                    "background_overlay_color": "globals\/colors?id=primary"
                },
                "background_ypos": {
                    "unit": "px",
                    "size": -496,
                    "sizes": []
                },
                "background_size": "cover",
                "background_overlay_opacity": {
                    "unit": "px",
                    "size": 0.8,
                    "sizes": []
                },
                "padding": {
                    "unit": "em",
                    "top": "5",
                    "right": "0",
                    "bottom": "0",
                    "left": "0",
                    "isLinked": false
                },
                "padding_tablet": {
                    "unit": "em",
                    "top": "",
                    "right": "",
                    "bottom": "",
                    "left": "",
                    "isLinked": true
                },
                "padding_mobile": {
                    "unit": "em",
                    "top": "",
                    "right": "",
                    "bottom": "",
                    "left": "",
                    "isLinked": true
                },
                "_title": "Heading Page Section"
            },
            "elements": [
                {
                    "id": "1782d0a4",
                    "settings": {
                        "_column_size": 100,
                        "_inline_size": null,
                        "padding": {
                            "unit": "em",
                            "top": "1",
                            "right": "1",
                            "bottom": "1",
                            "left": "1",
                            "isLinked": true
                        },
                        "padding_tablet": {
                            "unit": "em",
                            "top": "",
                            "right": "",
                            "bottom": "",
                            "left": "",
                            "isLinked": true
                        },
                        "padding_mobile": {
                            "unit": "em",
                            "top": "",
                            "right": "",
                            "bottom": "",
                            "left": "",
                            "isLinked": true
                        }
                    },
                    "elements": [
                        {
                            "id": "4890a5ba",
                            "settings": {
                                "title": "Contact Us",
                                "align": "center",
                                "__globals__": {
                                    "typography_typography": "globals\/typography?id=b19a301",
                                    "title_color": "globals\/colors?id=dcb4c1a"
                                }
                            },
                            "elements": [],
                            "isInner": false,
                            "widgetType": "heading",
                            "elType": "widget"
                        },
                        {
                            "id": "a6c86c0",
                            "settings": {
                                "width": {
                                    "unit": "%",
                                    "size": 10,
                                    "sizes": []
                                },
                                "text": "Divider",
                                "weight": {
                                    "unit": "px",
                                    "size": 3,
                                    "sizes": []
                                },
                                "__globals__": {
                                    "color": "globals\/colors?id=secondary"
                                },
                                "align": "center"
                            },
                            "elements": [],
                            "isInner": false,
                            "widgetType": "divider",
                            "elType": "widget"
                        },
                        {
                            "id": "1c597dad",
                            "settings": {
                                "editor": "<p><a href=\"#\">Home<\/a> \/ Contact Us<\/p>",
                                "align": "center",
                                "__globals__": {
                                    "typography_typography": "globals\/typography?id=fe8f432",
                                    "text_color": "globals\/colors?id=dcb4c1a"
                                }
                            },
                            "elements": [],
                            "isInner": false,
                            "widgetType": "text-editor",
                            "elType": "widget"
                        }
                    ],
                    "isInner": false,
                    "elType": "column"
                }
            ],
            "isInner": false,
            "elType": "section"
        },
        {
            "id": "1aee4b10",
            "settings": {
                "structure": "20",
                "background_background": "classic",
                "padding": {
                    "unit": "em",
                    "top": "6",
                    "right": "1",
                    "bottom": "6",
                    "left": "1",
                    "isLinked": false
                },
                "padding_tablet": {
                    "unit": "em",
                    "top": "",
                    "right": "",
                    "bottom": "",
                    "left": "",
                    "isLinked": true
                },
                "padding_mobile": {
                    "unit": "em",
                    "top": "",
                    "right": "",
                    "bottom": "",
                    "left": "",
                    "isLinked": true
                },
                "__globals__": {
                    "background_color": "globals\/colors?id=accent"
                },
                "_title": "Contact Section"
            },
            "elements": [
                {
                    "id": "49eb7c0b",
                    "settings": {
                        "_column_size": 50,
                        "_inline_size": null,
                        "padding": {
                            "unit": "em",
                            "top": "1",
                            "right": "5",
                            "bottom": "1",
                            "left": "1",
                            "isLinked": false
                        },
                        "padding_tablet": {
                            "unit": "em",
                            "top": "1",
                            "right": "1",
                            "bottom": "1",
                            "left": "1",
                            "isLinked": true
                        },
                        "padding_mobile": {
                            "unit": "em",
                            "top": "1",
                            "right": "1",
                            "bottom": "1",
                            "left": "1",
                            "isLinked": true
                        },
                        "content_position": "center",
                        "_inline_size_tablet": 100
                    },
                    "elements": [
                        {
                            "id": "c446c67",
                            "settings": {
                                "title": "Need a Consultation For Your Home?",
                                "__globals__": {
                                    "typography_typography": "globals\/typography?id=64ead09",
                                    "title_color": "globals\/colors?id=2567de4"
                                },
                                "header_size": "h3",
                                "align_tablet": "center",
                                "align": "left"
                            },
                            "elements": [],
                            "isInner": false,
                            "widgetType": "heading",
                            "elType": "widget"
                        },
                        {
                            "id": "2eb70748",
                            "settings": {
                                "width": {
                                    "unit": "%",
                                    "size": 30,
                                    "sizes": []
                                },
                                "text": "Divider",
                                "weight": {
                                    "unit": "px",
                                    "size": 3,
                                    "sizes": []
                                },
                                "__globals__": {
                                    "color": "globals\/colors?id=secondary"
                                },
                                "align_tablet": "center",
                                "align": "left"
                            },
                            "elements": [],
                            "isInner": false,
                            "widgetType": "divider",
                            "elType": "widget"
                        },
                        {
                            "id": "6a0676fb",
                            "settings": {
                                "icon_list": [
                                    {
                                        "text": "99 Roving St., Big City, PKU 23456",
                                        "selected_icon": {
                                            "value": "icon icon-map-marker1",
                                            "library": "ekiticons"
                                        },
                                        "_id": "e3536b5"
                                    },
                                    {
                                        "text": "+123-456-789",
                                        "selected_icon": {
                                            "value": "icon icon-phone",
                                            "library": "ekiticons"
                                        },
                                        "_id": "05ce2ce"
                                    },
                                    {
                                        "text": "hello@awesomesite.com",
                                        "selected_icon": {
                                            "value": "icon icon-email1",
                                            "library": "ekiticons"
                                        },
                                        "_id": "521fbf8"
                                    }
                                ],
                                "space_between": {
                                    "unit": "px",
                                    "size": 40,
                                    "sizes": []
                                },
                                "icon_align": "left",
                                "icon_align_tablet": "center",
                                "icon_align_mobile": "left",
                                "divider_width": {
                                    "unit": "%",
                                    "size": 4,
                                    "sizes": []
                                },
                                "icon_size": {
                                    "unit": "px",
                                    "size": 35,
                                    "sizes": []
                                },
                                "__globals__": {
                                    "icon_color": "globals\/colors?id=secondary",
                                    "text_color": "globals\/colors?id=2567de4",
                                    "icon_typography_typography": "globals\/typography?id=a4b32ec"
                                }
                            },
                            "elements": [],
                            "isInner": false,
                            "widgetType": "icon-list",
                            "elType": "widget"
                        }
                    ],
                    "isInner": false,
                    "elType": "column"
                },
                {
                    "id": "291016ec",
                    "settings": {
                        "_column_size": 50,
                        "_inline_size": null,
                        "_inline_size_tablet": 100,
                        "background_background": "classic",
                        "__globals__": {
                            "background_color": ""
                        }
                    },
                    "elements": [
                        {
                            "id": "2c1b43e9",
                            "settings": {
                                "mf_form_id": "1025***1654172244227"
                            },
                            "elements": [],
                            "isInner": false,
                            "widgetType": "metform",
                            "elType": "widget"
                        }
                    ],
                    "isInner": false,
                    "elType": "column"
                }
            ],
            "isInner": false,
            "elType": "section"
        },
        {
            "id": "4991219",
            "settings": {
                "layout": "full_width",
                "gap": "no",
                "_title": "Maps Section"
            },
            "elements": [
                {
                    "id": "378da7ba",
                    "settings": {
                        "_column_size": 100,
                        "_inline_size": null
                    },
                    "elements": [
                        {
                            "id": "7f13c534",
                            "settings": {
                                "address": "London Eye, London, United Kingdom",
                                "height": {
                                    "unit": "px",
                                    "size": 624,
                                    "sizes": []
                                }
                            },
                            "elements": [],
                            "isInner": false,
                            "widgetType": "google_maps",
                            "elType": "widget"
                        }
                    ],
                    "isInner": false,
                    "elType": "column"
                }
            ],
            "isInner": false,
            "elType": "section"
        }
    ]
}