{
    "version": "0.4",
    "title": "Contact Form Blog",
    "type": "section",
    "metadata": {
        "template_type": "section-contact",
        "include_in_zip": "1",
        "elementor_pro_required": null,
        "wp_page_template": "elementor_canvas"
    },
    "content": [
        {
            "id": "3065c802",
            "settings": {
                "structure": "20"
            },
            "elements": [
                {
                    "id": "214d091a",
                    "settings": {
                        "_column_size": 50,
                        "_inline_size": null,
                        "padding": {
                            "unit": "em",
                            "top": "0",
                            "right": "0",
                            "bottom": "0",
                            "left": "0",
                            "isLinked": false
                        },
                        "padding_tablet": {
                            "unit": "em",
                            "top": "",
                            "right": "",
                            "bottom": "",
                            "left": "",
                            "isLinked": true
                        },
                        "padding_mobile": {
                            "unit": "em",
                            "top": "",
                            "right": "",
                            "bottom": "",
                            "left": "",
                            "isLinked": true
                        }
                    },
                    "elements": [
                        {
                            "id": "15d343c",
                            "settings": {
                                "gap": "no"
                            },
                            "elements": [
                                {
                                    "id": "4257bd25",
                                    "settings": {
                                        "_column_size": 100,
                                        "_inline_size": null,
                                        "padding": {
                                            "unit": "px",
                                            "top": "0",
                                            "right": "10",
                                            "bottom": "20",
                                            "left": "0",
                                            "isLinked": false
                                        }
                                    },
                                    "elements": [
                                        {
                                            "id": "2d437b5f",
                                            "settings": {
                                                "mf_input_label": "First Name (Listing)",
                                                "mf_input_placeholder": "First Name",
                                                "mf_input_validation_warning_message": "This field is required.",
                                                "mf_input_label_typography_font_family": "Montserrat",
                                                "mf_input_label_typography_font_size": {
                                                    "unit": "px",
                                                    "size": 100,
                                                    "sizes": []
                                                },
                                                "mf_input_label_typography_font_weight": "700",
                                                "mf_input_label_typography_line_height": {
                                                    "unit": "em",
                                                    "size": 1,
                                                    "sizes": []
                                                },
                                                "mf_input_background_background": "classic",
                                                "__globals__": {
                                                    "mf_input_label_typography_typography": "",
                                                    "mf_input_background_color": "globals\/colors?id=accent",
                                                    "mf_input_typgraphy_typography": "globals\/typography?id=text",
                                                    "mf_input_place_holder_typography_typography": "globals\/typography?id=text",
                                                    "mf_input_placeholder_color": "globals\/colors?id=text",
                                                    "mf_input_border_color": "globals\/colors?id=secondary",
                                                    "mf_input_color": ""
                                                },
                                                "mf_input_label_status": "",
                                                "mf_input_color": "",
                                                "mf_input_border_border": "solid",
                                                "mf_input_border_width": {
                                                    "unit": "px",
                                                    "top": "1",
                                                    "right": "1",
                                                    "bottom": "1",
                                                    "left": "1",
                                                    "isLinked": true
                                                }
                                            },
                                            "elements": [],
                                            "isInner": false,
                                            "widgetType": "mf-listing-fname",
                                            "elType": "widget"
                                        }
                                    ],
                                    "isInner": true,
                                    "elType": "column"
                                }
                            ],
                            "isInner": true,
                            "elType": "section"
                        }
                    ],
                    "isInner": false,
                    "elType": "column"
                },
                {
                    "id": "29a72147",
                    "settings": {
                        "_column_size": 50,
                        "_inline_size": null,
                        "padding": {
                            "unit": "px",
                            "top": "0",
                            "right": "0",
                            "bottom": "20",
                            "left": "10",
                            "isLinked": false
                        }
                    },
                    "elements": [
                        {
                            "id": "31fbec32",
                            "settings": {
                                "gap": "no"
                            },
                            "elements": [
                                {
                                    "id": "54be612c",
                                    "settings": {
                                        "_column_size": 100,
                                        "_inline_size": null,
                                        "padding": {
                                            "unit": "px",
                                            "top": "0",
                                            "right": "0",
                                            "bottom": "0",
                                            "left": "0",
                                            "isLinked": false
                                        }
                                    },
                                    "elements": [
                                        {
                                            "id": "57c42e90",
                                            "settings": {
                                                "mf_input_label": "Last Name (Listing)",
                                                "mf_input_placeholder": "Last Name",
                                                "mf_input_validation_warning_message": "This field is required.",
                                                "mf_input_label_typography_font_family": "Montserrat",
                                                "mf_input_label_typography_font_size": {
                                                    "unit": "px",
                                                    "size": 100,
                                                    "sizes": []
                                                },
                                                "mf_input_label_typography_font_weight": "700",
                                                "mf_input_label_typography_line_height": {
                                                    "unit": "em",
                                                    "size": 1,
                                                    "sizes": []
                                                },
                                                "mf_input_background_background": "classic",
                                                "__globals__": {
                                                    "mf_input_background_color": "globals\/colors?id=accent",
                                                    "mf_input_label_typography_typography": "",
                                                    "mf_input_typgraphy_typography": "globals\/typography?id=text",
                                                    "mf_input_place_holder_typography_typography": "globals\/typography?id=text",
                                                    "mf_input_placeholder_color": "globals\/colors?id=text",
                                                    "mf_input_border_color": "globals\/colors?id=secondary",
                                                    "mf_input_color": ""
                                                },
                                                "mf_input_label_status": "",
                                                "mf_input_color": "",
                                                "mf_input_border_border": "solid",
                                                "mf_input_border_width": {
                                                    "unit": "px",
                                                    "top": "1",
                                                    "right": "1",
                                                    "bottom": "1",
                                                    "left": "1",
                                                    "isLinked": true
                                                }
                                            },
                                            "elements": [],
                                            "isInner": false,
                                            "widgetType": "mf-listing-lname",
                                            "elType": "widget"
                                        }
                                    ],
                                    "isInner": true,
                                    "elType": "column"
                                }
                            ],
                            "isInner": true,
                            "elType": "section"
                        }
                    ],
                    "isInner": false,
                    "elType": "column"
                }
            ],
            "isInner": false,
            "elType": "section"
        },
        {
            "id": "617d7d65",
            "settings": {
                "structure": "20"
            },
            "elements": [
                {
                    "id": "6d91a528",
                    "settings": {
                        "_column_size": 50,
                        "_inline_size": null,
                        "padding": {
                            "unit": "em",
                            "top": "0",
                            "right": "0",
                            "bottom": "0",
                            "left": "0",
                            "isLinked": false
                        },
                        "padding_tablet": {
                            "unit": "em",
                            "top": "",
                            "right": "",
                            "bottom": "",
                            "left": "",
                            "isLinked": true
                        },
                        "padding_mobile": {
                            "unit": "em",
                            "top": "",
                            "right": "",
                            "bottom": "",
                            "left": "",
                            "isLinked": true
                        }
                    },
                    "elements": [
                        {
                            "id": "28d1e679",
                            "settings": {
                                "gap": "no"
                            },
                            "elements": [
                                {
                                    "id": "363f3756",
                                    "settings": {
                                        "_column_size": 100,
                                        "_inline_size": null,
                                        "margin": {
                                            "unit": "%",
                                            "top": "",
                                            "right": "",
                                            "bottom": "",
                                            "left": "",
                                            "isLinked": true
                                        },
                                        "margin_tablet": {
                                            "unit": "%",
                                            "top": "",
                                            "right": "",
                                            "bottom": "",
                                            "left": "",
                                            "isLinked": true
                                        },
                                        "margin_mobile": {
                                            "unit": "%",
                                            "top": "",
                                            "right": "",
                                            "bottom": "",
                                            "left": "",
                                            "isLinked": true
                                        },
                                        "padding": {
                                            "unit": "px",
                                            "top": "0",
                                            "right": "10",
                                            "bottom": "20",
                                            "left": "0",
                                            "isLinked": false
                                        }
                                    },
                                    "elements": [
                                        {
                                            "id": "1f9a6ac1",
                                            "settings": {
                                                "mf_input_label": "Email",
                                                "mf_input_name": "mf-email",
                                                "mf_input_placeholder": "Email",
                                                "mf_input_validation_warning_message": "This field is required.",
                                                "mf_input_label_typography_font_family": "Montserrat",
                                                "mf_input_label_typography_font_size": {
                                                    "unit": "px",
                                                    "size": 100,
                                                    "sizes": []
                                                },
                                                "mf_input_label_typography_font_weight": "700",
                                                "mf_input_label_typography_line_height": {
                                                    "unit": "em",
                                                    "size": 1,
                                                    "sizes": []
                                                },
                                                "mf_input_background_background": "classic",
                                                "__globals__": {
                                                    "mf_input_label_typography_typography": "",
                                                    "mf_input_background_color": "globals\/colors?id=accent",
                                                    "mf_input_typgraphy_typography": "globals\/typography?id=text",
                                                    "mf_input_place_holder_typography_typography": "globals\/typography?id=text",
                                                    "mf_input_placeholder_color": "globals\/colors?id=text",
                                                    "mf_input_border_color": "globals\/colors?id=secondary",
                                                    "mf_input_color": ""
                                                },
                                                "mf_input_label_status": "",
                                                "mf_input_color": "",
                                                "mf_input_border_border": "solid",
                                                "mf_input_border_width": {
                                                    "unit": "px",
                                                    "top": "1",
                                                    "right": "1",
                                                    "bottom": "1",
                                                    "left": "1",
                                                    "isLinked": true
                                                }
                                            },
                                            "elements": [],
                                            "isInner": false,
                                            "widgetType": "mf-email",
                                            "elType": "widget"
                                        }
                                    ],
                                    "isInner": true,
                                    "elType": "column"
                                }
                            ],
                            "isInner": true,
                            "elType": "section"
                        }
                    ],
                    "isInner": false,
                    "elType": "column"
                },
                {
                    "id": "397b2e6b",
                    "settings": {
                        "_column_size": 50,
                        "_inline_size": null,
                        "padding": {
                            "unit": "em",
                            "top": "0",
                            "right": "0",
                            "bottom": "0",
                            "left": "0",
                            "isLinked": false
                        },
                        "padding_tablet": {
                            "unit": "em",
                            "top": "",
                            "right": "",
                            "bottom": "",
                            "left": "",
                            "isLinked": true
                        },
                        "padding_mobile": {
                            "unit": "em",
                            "top": "",
                            "right": "",
                            "bottom": "",
                            "left": "",
                            "isLinked": true
                        }
                    },
                    "elements": [
                        {
                            "id": "48100698",
                            "settings": {
                                "gap": "no"
                            },
                            "elements": [
                                {
                                    "id": "15c998c2",
                                    "settings": {
                                        "_column_size": 100,
                                        "_inline_size": null,
                                        "padding": {
                                            "unit": "px",
                                            "top": "0",
                                            "right": "0",
                                            "bottom": "20",
                                            "left": "10",
                                            "isLinked": false
                                        }
                                    },
                                    "elements": [
                                        {
                                            "id": "7aaa6fd3",
                                            "settings": {
                                                "mf_input_label": "Text",
                                                "mf_input_name": "mf-text",
                                                "mf_input_placeholder": "Subject",
                                                "mf_input_validation_warning_message": "This field is required.",
                                                "mf_input_label_typography_font_family": "Montserrat",
                                                "mf_input_label_typography_font_size": {
                                                    "unit": "px",
                                                    "size": 100,
                                                    "sizes": []
                                                },
                                                "mf_input_label_typography_font_weight": "700",
                                                "mf_input_label_typography_line_height": {
                                                    "unit": "em",
                                                    "size": 1,
                                                    "sizes": []
                                                },
                                                "mf_input_background_background": "classic",
                                                "__globals__": {
                                                    "mf_input_label_typography_typography": "",
                                                    "mf_input_background_color": "globals\/colors?id=accent",
                                                    "mf_input_typgraphy_typography": "globals\/typography?id=text",
                                                    "mf_input_place_holder_typography_typography": "globals\/typography?id=text",
                                                    "mf_input_placeholder_color": "globals\/colors?id=text",
                                                    "mf_input_border_color": "globals\/colors?id=secondary",
                                                    "mf_input_color": ""
                                                },
                                                "mf_input_label_status": "",
                                                "mf_input_color": "",
                                                "mf_input_border_border": "solid",
                                                "mf_input_border_width": {
                                                    "unit": "px",
                                                    "top": "1",
                                                    "right": "1",
                                                    "bottom": "1",
                                                    "left": "1",
                                                    "isLinked": true
                                                }
                                            },
                                            "elements": [],
                                            "isInner": false,
                                            "widgetType": "mf-text",
                                            "elType": "widget"
                                        }
                                    ],
                                    "isInner": true,
                                    "elType": "column"
                                }
                            ],
                            "isInner": true,
                            "elType": "section"
                        }
                    ],
                    "isInner": false,
                    "elType": "column"
                }
            ],
            "isInner": false,
            "elType": "section"
        },
        {
            "id": "cd92359",
            "settings": {
                "margin": {
                    "unit": "%",
                    "top": "",
                    "right": 0,
                    "bottom": "",
                    "left": 0,
                    "isLinked": true
                },
                "margin_tablet": {
                    "unit": "%",
                    "top": "",
                    "right": "",
                    "bottom": "",
                    "left": "",
                    "isLinked": true
                },
                "margin_mobile": {
                    "unit": "%",
                    "top": "",
                    "right": "",
                    "bottom": "",
                    "left": "",
                    "isLinked": true
                },
                "gap": "no"
            },
            "elements": [
                {
                    "id": "561cc006",
                    "settings": {
                        "_column_size": 100,
                        "_inline_size": null,
                        "padding": {
                            "unit": "em",
                            "top": "0",
                            "right": "0",
                            "bottom": "0",
                            "left": "0",
                            "isLinked": false
                        },
                        "padding_tablet": {
                            "unit": "em",
                            "top": "",
                            "right": "",
                            "bottom": "",
                            "left": "",
                            "isLinked": true
                        },
                        "padding_mobile": {
                            "unit": "em",
                            "top": "",
                            "right": "",
                            "bottom": "",
                            "left": "",
                            "isLinked": true
                        },
                        "margin": {
                            "unit": "%",
                            "top": "",
                            "right": "",
                            "bottom": "",
                            "left": "",
                            "isLinked": true
                        },
                        "margin_tablet": {
                            "unit": "%",
                            "top": "",
                            "right": "",
                            "bottom": "",
                            "left": "",
                            "isLinked": true
                        },
                        "margin_mobile": {
                            "unit": "%",
                            "top": "",
                            "right": "",
                            "bottom": "",
                            "left": "",
                            "isLinked": true
                        },
                        "background_background": "classic",
                        "__globals__": {
                            "background_color": ""
                        }
                    },
                    "elements": [
                        {
                            "id": "710ce877",
                            "settings": {
                                "mf_input_label": "Textarea",
                                "mf_input_name": "mf-textarea",
                                "mf_input_placeholder": "Your Message",
                                "mf_input_validation_warning_message": "This field is required.",
                                "mf_input_label_typography_font_family": "Montserrat",
                                "mf_input_label_typography_font_size": {
                                    "unit": "px",
                                    "size": 100,
                                    "sizes": []
                                },
                                "mf_input_label_typography_font_weight": "700",
                                "mf_input_label_typography_line_height": {
                                    "unit": "em",
                                    "size": 1,
                                    "sizes": []
                                },
                                "mf_input_background_background": "classic",
                                "__globals__": {
                                    "mf_input_label_typography_typography": "",
                                    "mf_input_background_color": "globals\/colors?id=accent",
                                    "mf_input_typgraphy_typography": "globals\/typography?id=text",
                                    "mf_input_color": "",
                                    "mf_input_place_holder_typography_typography": "globals\/typography?id=text",
                                    "mf_input_placeholder_color": "globals\/colors?id=text",
                                    "mf_input_border_color": "globals\/colors?id=secondary"
                                },
                                "mf_input_label_status": "",
                                "mf_input_color": "",
                                "mf_input_border_border": "solid",
                                "mf_input_border_width": {
                                    "unit": "px",
                                    "top": "1",
                                    "right": "1",
                                    "bottom": "1",
                                    "left": "1",
                                    "isLinked": true
                                }
                            },
                            "elements": [],
                            "isInner": false,
                            "widgetType": "mf-textarea",
                            "elType": "widget"
                        }
                    ],
                    "isInner": false,
                    "elType": "column"
                }
            ],
            "isInner": false,
            "elType": "section"
        },
        {
            "id": "19c692a7",
            "settings": {
                "background_background": "classic",
                "__globals__": {
                    "background_color": ""
                }
            },
            "elements": [
                {
                    "id": "53047cb9",
                    "settings": {
                        "_column_size": 100,
                        "_inline_size": null
                    },
                    "elements": [
                        {
                            "id": "5b37ef09",
                            "settings": {
                                "mf_btn_text": "Submit",
                                "mf_hidden_input": [],
                                "mf_btn_text_padding": {
                                    "unit": "px",
                                    "top": "15",
                                    "right": "30",
                                    "bottom": "15",
                                    "left": "30",
                                    "isLinked": false
                                },
                                "mf_btn_bg_color_background": "classic",
                                "mf_btn_bg_hover_color_background": "classic",
                                "mf_btn_border_radius": {
                                    "unit": "px",
                                    "top": "0",
                                    "right": "0",
                                    "bottom": "0",
                                    "left": "0",
                                    "isLinked": false
                                },
                                "mf_btn_box_shadow_group_box_shadow_type": "yes",
                                "mf_btn_box_shadow_group_box_shadow": {
                                    "horizontal": 0,
                                    "vertical": 0,
                                    "blur": 0,
                                    "spread": 0,
                                    "color": "rgba(0,0,0,0.5)"
                                },
                                "__globals__": {
                                    "mf_btn_typography_typography": "globals\/typography?id=fe8f432",
                                    "mf_btn_text_color": "globals\/colors?id=dcb4c1a",
                                    "mf_btn_bg_color_color": "globals\/colors?id=primary",
                                    "mf_btn_bg_hover_color_color": "globals\/colors?id=secondary"
                                }
                            },
                            "elements": [],
                            "isInner": false,
                            "widgetType": "mf-button",
                            "elType": "widget"
                        }
                    ],
                    "isInner": false,
                    "elType": "column"
                }
            ],
            "isInner": false,
            "elType": "section"
        }
    ]
}