{
    "version": "0.4",
    "title": "FAQ",
    "type": "page",
    "metadata": {
        "template_type": "single-page",
        "include_in_zip": "1",
        "elementor_pro_required": null,
        "wp_page_template": "elementor_header_footer"
    },
    "content": [
        {
            "id": "5bcfcb46",
            "settings": {
                "height": "min-height",
                "custom_height": {
                    "unit": "vh",
                    "size": 40,
                    "sizes": []
                },
                "custom_height_tablet": {
                    "unit": "vh",
                    "size": "",
                    "sizes": []
                },
                "custom_height_mobile": {
                    "unit": "vh",
                    "size": "",
                    "sizes": []
                },
                "background_background": "classic",
                "background_image": {
                    "url": "http:\/\/mhkit.rometheme.pro\/moderior\/wp-content\/uploads\/sites\/4\/2022\/05\/mock-up-green-wall-with-green-sofa-and-decor-in-li-2022-05-11-00-23-53-S3JAHUY.jpg",
                    "id": 1307,
                    "alt": "",
                    "source": "library"
                },
                "background_position": "center center",
                "background_repeat": "no-repeat",
                "background_overlay_background": "classic",
                "__globals__": {
                    "background_overlay_color": "globals\/colors?id=primary"
                },
                "background_ypos": {
                    "unit": "px",
                    "size": -496,
                    "sizes": []
                },
                "background_size": "cover",
                "background_overlay_opacity": {
                    "unit": "px",
                    "size": 0.8,
                    "sizes": []
                },
                "padding": {
                    "unit": "em",
                    "top": "5",
                    "right": "0",
                    "bottom": "0",
                    "left": "0",
                    "isLinked": false
                },
                "padding_tablet": {
                    "unit": "em",
                    "top": "",
                    "right": "",
                    "bottom": "",
                    "left": "",
                    "isLinked": true
                },
                "padding_mobile": {
                    "unit": "em",
                    "top": "",
                    "right": "",
                    "bottom": "",
                    "left": "",
                    "isLinked": true
                },
                "_title": "Heading Page Section"
            },
            "elements": [
                {
                    "id": "62a48f97",
                    "settings": {
                        "_column_size": 100,
                        "_inline_size": null,
                        "padding": {
                            "unit": "em",
                            "top": "1",
                            "right": "1",
                            "bottom": "1",
                            "left": "1",
                            "isLinked": true
                        },
                        "padding_tablet": {
                            "unit": "em",
                            "top": "",
                            "right": "",
                            "bottom": "",
                            "left": "",
                            "isLinked": true
                        },
                        "padding_mobile": {
                            "unit": "em",
                            "top": "",
                            "right": "",
                            "bottom": "",
                            "left": "",
                            "isLinked": true
                        }
                    },
                    "elements": [
                        {
                            "id": "70756bf",
                            "settings": {
                                "title": "FAQ",
                                "align": "center",
                                "__globals__": {
                                    "typography_typography": "globals\/typography?id=b19a301",
                                    "title_color": "globals\/colors?id=accent"
                                }
                            },
                            "elements": [],
                            "isInner": false,
                            "widgetType": "heading",
                            "elType": "widget"
                        },
                        {
                            "id": "3aa5a52f",
                            "settings": {
                                "width": {
                                    "unit": "%",
                                    "size": 10,
                                    "sizes": []
                                },
                                "text": "Divider",
                                "weight": {
                                    "unit": "px",
                                    "size": 3,
                                    "sizes": []
                                },
                                "__globals__": {
                                    "color": "globals\/colors?id=secondary"
                                },
                                "align": "center"
                            },
                            "elements": [],
                            "isInner": false,
                            "widgetType": "divider",
                            "elType": "widget"
                        },
                        {
                            "id": "6ce892e2",
                            "settings": {
                                "editor": "<p><a href=\"#\">Home<\/a> \/ FAQ<\/p>",
                                "align": "center",
                                "__globals__": {
                                    "typography_typography": "globals\/typography?id=fe8f432",
                                    "text_color": "globals\/colors?id=dcb4c1a"
                                }
                            },
                            "elements": [],
                            "isInner": false,
                            "widgetType": "text-editor",
                            "elType": "widget"
                        }
                    ],
                    "isInner": false,
                    "elType": "column"
                }
            ],
            "isInner": false,
            "elType": "section"
        },
        {
            "id": "482da1df",
            "settings": {
                "structure": "20",
                "background_background": "classic",
                "padding": {
                    "unit": "em",
                    "top": "6",
                    "right": "1",
                    "bottom": "6",
                    "left": "1",
                    "isLinked": false
                },
                "padding_tablet": {
                    "unit": "em",
                    "top": "",
                    "right": "",
                    "bottom": "",
                    "left": "",
                    "isLinked": true
                },
                "padding_mobile": {
                    "unit": "em",
                    "top": "",
                    "right": "",
                    "bottom": "",
                    "left": "",
                    "isLinked": true
                },
                "__globals__": {
                    "background_color": "globals\/colors?id=accent"
                },
                "_title": "FAQ Section"
            },
            "elements": [
                {
                    "id": "4cbbbb36",
                    "settings": {
                        "_column_size": 50,
                        "_inline_size": null,
                        "padding": {
                            "unit": "em",
                            "top": "1",
                            "right": "5",
                            "bottom": "1",
                            "left": "1",
                            "isLinked": false
                        },
                        "padding_tablet": {
                            "unit": "em",
                            "top": "1",
                            "right": "1",
                            "bottom": "1",
                            "left": "1",
                            "isLinked": true
                        },
                        "padding_mobile": {
                            "unit": "em",
                            "top": "",
                            "right": "",
                            "bottom": "",
                            "left": "",
                            "isLinked": true
                        },
                        "_inline_size_tablet": 100
                    },
                    "elements": [
                        {
                            "id": "1cecdba",
                            "settings": {
                                "title": "FAQ",
                                "align": "left",
                                "__globals__": {
                                    "title_color": "globals\/colors?id=secondary",
                                    "typography_typography": "globals\/typography?id=2efc5fc"
                                },
                                "_padding": {
                                    "unit": "em",
                                    "top": "",
                                    "right": "",
                                    "bottom": "",
                                    "left": "",
                                    "isLinked": true
                                },
                                "_padding_tablet": {
                                    "unit": "em",
                                    "top": "",
                                    "right": "",
                                    "bottom": "",
                                    "left": "",
                                    "isLinked": true
                                },
                                "_padding_mobile": {
                                    "unit": "em",
                                    "top": "",
                                    "right": "",
                                    "bottom": "",
                                    "left": "",
                                    "isLinked": true
                                },
                                "header_size": "h6",
                                "align_tablet": "center"
                            },
                            "elements": [],
                            "isInner": false,
                            "widgetType": "heading",
                            "elType": "widget"
                        },
                        {
                            "id": "2339b2ba",
                            "settings": {
                                "title": "Usually Asked Questions Clients",
                                "_padding": {
                                    "unit": "em",
                                    "top": "",
                                    "right": "",
                                    "bottom": "",
                                    "left": "",
                                    "isLinked": true
                                },
                                "_padding_tablet": {
                                    "unit": "em",
                                    "top": "",
                                    "right": "",
                                    "bottom": "",
                                    "left": "",
                                    "isLinked": true
                                },
                                "_padding_mobile": {
                                    "unit": "em",
                                    "top": "",
                                    "right": "",
                                    "bottom": "",
                                    "left": "",
                                    "isLinked": true
                                },
                                "__globals__": {
                                    "typography_typography": "globals\/typography?id=b19a301",
                                    "title_color": "globals\/colors?id=2567de4"
                                },
                                "align": "left",
                                "align_tablet": "center"
                            },
                            "elements": [],
                            "isInner": false,
                            "widgetType": "heading",
                            "elType": "widget"
                        },
                        {
                            "id": "7ce89baf",
                            "settings": {
                                "width": {
                                    "unit": "%",
                                    "size": 30,
                                    "sizes": []
                                },
                                "text": "Divider",
                                "weight": {
                                    "unit": "px",
                                    "size": 3,
                                    "sizes": []
                                },
                                "__globals__": {
                                    "color": "globals\/colors?id=secondary"
                                },
                                "align": "left",
                                "align_tablet": "center"
                            },
                            "elements": [],
                            "isInner": false,
                            "widgetType": "divider",
                            "elType": "widget"
                        },
                        {
                            "id": "1f8c9058",
                            "settings": {
                                "ekit_accordion_items": [
                                    {
                                        "acc_title": "Lorem ipsum dolor sit amet, consectetur adipiscing elit?",
                                        "acc_content": "<p>Pellentesque condimentum scelerisque augue eget gravida. Etiam efficitur auctor nunc in condimentum. Nulla scelerisque pretium varius. Vestibulum eu tincidunt dolor. Phasellus euismod eros ac rhoncus dignissim.<\/p>",
                                        "ekit_acc_is_active": "yes",
                                        "_id": "e98fa46"
                                    },
                                    {
                                        "acc_title": "Quisque iaculis quam a sollicitudin fringilla?",
                                        "acc_content": "<p>Pellentesque condimentum scelerisque augue eget gravida. Etiam efficitur auctor nunc in condimentum. Nulla scelerisque pretium varius. Vestibulum eu tincidunt dolor. Phasellus euismod eros ac rhoncus dignissim.<\/p>",
                                        "_id": "bf0ce66"
                                    },
                                    {
                                        "acc_title": "Cras pellentesque posuere justo eget ultrices?",
                                        "acc_content": "<p>Pellentesque condimentum scelerisque augue eget gravida. Etiam efficitur auctor nunc in condimentum. Nulla scelerisque pretium varius. Vestibulum eu tincidunt dolor. Phasellus euismod eros ac rhoncus dignissim.<\/p>",
                                        "_id": "b1ff71c"
                                    },
                                    {
                                        "_id": "3cab17e",
                                        "acc_title": "Pellentesque massa metus mattis vitae ultrices?",
                                        "acc_content": "<p>Pellentesque condimentum scelerisque augue eget gravida. Etiam efficitur auctor nunc in condimentum. Nulla scelerisque pretium varius. Vestibulum eu tincidunt dolor. Phasellus euismod eros ac rhoncus dignissim.<\/p>"
                                    }
                                ],
                                "ekit_accordion_title_typography_typography": "custom",
                                "ekit_accordion_title_typography_font_family": "Montserrat",
                                "ekit_accordion_title_typography_font_size": {
                                    "unit": "px",
                                    "size": 18,
                                    "sizes": []
                                },
                                "ekit_accordion_title_typography_font_weight": "700",
                                "ekit_accordion_title_typography_line_height": {
                                    "unit": "em",
                                    "size": 1.3,
                                    "sizes": []
                                },
                                "ekit_accordion_title_typography_word_spacing": {
                                    "unit": "em",
                                    "size": "",
                                    "sizes": []
                                },
                                "ekit_accordion_title_color": "#FFFFFF",
                                "ekit_accordion_background_background": "classic",
                                "ekit_accordion_background_color": "#DEB142",
                                "ekit_accordion_title_border_open_border": "solid",
                                "ekit_accordion_title_border_open_width": {
                                    "unit": "px",
                                    "top": "0",
                                    "right": "0",
                                    "bottom": "0",
                                    "left": "0",
                                    "isLinked": true
                                },
                                "ekit_accordion_title_color_close": "#1A1A1A",
                                "ekit_accordion_background_close_background": "classic",
                                "ekit_accordion_background_close_color": "#F4F4F4",
                                "ekit_accordion_title_border_close_border": "solid",
                                "ekit_accordion_title_border_close_width": {
                                    "unit": "px",
                                    "top": "2",
                                    "right": "2",
                                    "bottom": "2",
                                    "left": "2",
                                    "isLinked": true
                                },
                                "ekit_accordion_title_border_close_color": "#DEB142",
                                "ekit_accordion_title_margin_bottom": {
                                    "unit": "px",
                                    "size": 20,
                                    "sizes": []
                                },
                                "ekit_accordion_border_open_width": {
                                    "unit": "px",
                                    "top": "2",
                                    "right": "2",
                                    "bottom": "2",
                                    "left": "2",
                                    "isLinked": true
                                },
                                "__globals__": {
                                    "ekit_accordion_background_color": "globals\/colors?id=secondary",
                                    "ekit_accordion_title_border_open_color": "",
                                    "ekit_accordion_title_color_close": "globals\/colors?id=2567de4",
                                    "ekit_accordion_title_border_close_color": "globals\/colors?id=secondary",
                                    "ekit_accordion_title_typography_typography": "globals\/typography?id=3f5e177",
                                    "ekit_accordion_title_color": "globals\/colors?id=dcb4c1a",
                                    "ekit_accordion_background_close_color": "globals\/colors?id=accent",
                                    "ekit_accordion_icon_color": "globals\/colors?id=dcb4c1a",
                                    "ekit_accordion_icon_color_close": "globals\/colors?id=2567de4",
                                    "ekit_accordion_content_typography_typography": "globals\/typography?id=text",
                                    "ekit_accordion_content_color": "globals\/colors?id=text"
                                }
                            },
                            "elements": [],
                            "isInner": false,
                            "widgetType": "elementskit-accordion",
                            "elType": "widget"
                        }
                    ],
                    "isInner": false,
                    "elType": "column"
                },
                {
                    "id": "108a7500",
                    "settings": {
                        "_column_size": 50,
                        "_inline_size": null,
                        "padding": {
                            "unit": "em",
                            "top": "1",
                            "right": "1",
                            "bottom": "1",
                            "left": "1",
                            "isLinked": false
                        },
                        "padding_tablet": {
                            "unit": "em",
                            "top": "",
                            "right": "",
                            "bottom": "",
                            "left": "",
                            "isLinked": true
                        },
                        "padding_mobile": {
                            "unit": "em",
                            "top": "",
                            "right": "",
                            "bottom": "",
                            "left": "",
                            "isLinked": true
                        },
                        "content_position": "center",
                        "_inline_size_tablet": 100
                    },
                    "elements": [
                        {
                            "id": "34c1da5c",
                            "settings": {
                                "image": {
                                    "url": "http:\/\/mhkit.rometheme.pro\/moderior\/wp-content\/uploads\/sites\/4\/2022\/05\/smiling-interior-designer-working-at-desk-2022-01-19-00-21-44-UF935MR.jpg",
                                    "id": 741,
                                    "alt": "",
                                    "source": "library"
                                },
                                "image_size": "full",
                                "align": "right",
                                "width": {
                                    "unit": "%",
                                    "size": 95,
                                    "sizes": []
                                }
                            },
                            "elements": [],
                            "isInner": false,
                            "widgetType": "image",
                            "elType": "widget"
                        }
                    ],
                    "isInner": false,
                    "elType": "column"
                }
            ],
            "isInner": false,
            "elType": "section"
        },
        {
            "id": "20ccb524",
            "settings": {
                "background_background": "classic",
                "padding": {
                    "unit": "em",
                    "top": "6",
                    "right": "1",
                    "bottom": "6",
                    "left": "1",
                    "isLinked": false
                },
                "padding_tablet": {
                    "unit": "em",
                    "top": "",
                    "right": "",
                    "bottom": "",
                    "left": "",
                    "isLinked": true
                },
                "padding_mobile": {
                    "unit": "em",
                    "top": "",
                    "right": "",
                    "bottom": "",
                    "left": "",
                    "isLinked": true
                },
                "background_image": {
                    "url": "",
                    "id": "",
                    "alt": "",
                    "source": "library"
                },
                "background_position": "center center",
                "background_attachment": "fixed",
                "background_repeat": "no-repeat",
                "background_overlay_background": "classic",
                "overlay_blend_mode": "multiply",
                "__globals__": {
                    "background_color": "globals\/colors?id=accent"
                },
                "_title": "Blog Section"
            },
            "elements": [
                {
                    "id": "4d2dfa83",
                    "settings": {
                        "_column_size": 100,
                        "_inline_size": null
                    },
                    "elements": [
                        {
                            "id": "3b9fe520",
                            "settings": {
                                "title": "Get More Update",
                                "_padding": {
                                    "unit": "em",
                                    "top": "",
                                    "right": "",
                                    "bottom": "",
                                    "left": "",
                                    "isLinked": true
                                },
                                "_padding_tablet": {
                                    "unit": "em",
                                    "top": "",
                                    "right": "",
                                    "bottom": "",
                                    "left": "",
                                    "isLinked": true
                                },
                                "_padding_mobile": {
                                    "unit": "em",
                                    "top": "",
                                    "right": "",
                                    "bottom": "",
                                    "left": "",
                                    "isLinked": true
                                },
                                "align": "center",
                                "__globals__": {
                                    "typography_typography": "globals\/typography?id=b19a301",
                                    "title_color": "globals\/colors?id=2567de4"
                                }
                            },
                            "elements": [],
                            "isInner": false,
                            "widgetType": "heading",
                            "elType": "widget"
                        },
                        {
                            "id": "582666af",
                            "settings": {
                                "width": {
                                    "unit": "%",
                                    "size": 15,
                                    "sizes": []
                                },
                                "text": "Divider",
                                "weight": {
                                    "unit": "px",
                                    "size": 3,
                                    "sizes": []
                                },
                                "__globals__": {
                                    "color": "globals\/colors?id=secondary"
                                },
                                "align": "center"
                            },
                            "elements": [],
                            "isInner": false,
                            "widgetType": "divider",
                            "elType": "widget"
                        },
                        {
                            "id": "31b8a2f",
                            "settings": {
                                "editor": "<p>Lorem ipsum dolor sit amet, consectetur adipiscing elit. In eu imperdiet felis. Nulla facilisi. Etiam nisl neque, pretium eget mauris eget, interdum imperdiet ipsum.<\/p>",
                                "__globals__": {
                                    "text_color": "globals\/colors?id=text",
                                    "typography_typography": "globals\/typography?id=text"
                                },
                                "align": "center",
                                "_margin": {
                                    "unit": "%",
                                    "top": "0",
                                    "right": "25",
                                    "bottom": "0",
                                    "left": "25",
                                    "isLinked": false
                                },
                                "_margin_tablet": {
                                    "unit": "%",
                                    "top": "0",
                                    "right": "0",
                                    "bottom": "0",
                                    "left": "0",
                                    "isLinked": false
                                },
                                "_margin_mobile": {
                                    "unit": "%",
                                    "top": "0",
                                    "right": "0",
                                    "bottom": "0",
                                    "left": "0",
                                    "isLinked": true
                                }
                            },
                            "elements": [],
                            "isInner": false,
                            "widgetType": "text-editor",
                            "elType": "widget"
                        },
                        {
                            "id": "6183b2d",
                            "settings": {
                                "ekit_blog_posts_layout_style": "elementskit-post-image-card",
                                "ekit_blog_posts_feature_img_size_size": "full",
                                "ekit_blog_posts_content_trim": 20,
                                "ekit_blog_posts_cats": [
                                    "1"
                                ],
                                "ekit_blog_posts_btn_text": "Read More",
                                "ekit_blog_posts_background_background": "classic",
                                "ekit_blog_posts_btn_text_padding": {
                                    "unit": "em",
                                    "top": "1",
                                    "right": "2",
                                    "bottom": "1",
                                    "left": "2",
                                    "isLinked": false
                                },
                                "ekit_blog_posts_btn_text_padding_tablet": {
                                    "unit": "em",
                                    "top": "",
                                    "right": "",
                                    "bottom": "",
                                    "left": "",
                                    "isLinked": true
                                },
                                "ekit_blog_posts_btn_text_padding_mobile": {
                                    "unit": "em",
                                    "top": "",
                                    "right": "",
                                    "bottom": "",
                                    "left": "",
                                    "isLinked": true
                                },
                                "ekit_blog_posts_btn_bg_color_background": "classic",
                                "ekit_blog_posts_btn_border_radius": {
                                    "unit": "px",
                                    "top": "0",
                                    "right": "0",
                                    "bottom": "0",
                                    "left": "0",
                                    "isLinked": false
                                },
                                "ekit_blog_posts_shadow_box_shadow": {
                                    "horizontal": 0,
                                    "vertical": 5,
                                    "blur": 10,
                                    "spread": 0,
                                    "color": "rgba(0, 0, 0, 0)"
                                },
                                "ekit_blog_posts_radius": {
                                    "unit": "px",
                                    "top": "0",
                                    "right": "0",
                                    "bottom": "0",
                                    "left": "0",
                                    "isLinked": false
                                },
                                "ekit_blog_posts_btn_bg_hover_color_background": "classic",
                                "ekit_blog_posts_btn_bg_hover_color_color": "#FABB51",
                                "ekit_blog_posts_content_margin": {
                                    "unit": "%",
                                    "top": "0",
                                    "right": "0",
                                    "bottom": "7",
                                    "left": "0",
                                    "isLinked": false
                                },
                                "ekit_blog_posts_content_margin_tablet": {
                                    "unit": "%",
                                    "top": "",
                                    "right": "",
                                    "bottom": "",
                                    "left": "",
                                    "isLinked": true
                                },
                                "ekit_blog_posts_content_margin_mobile": {
                                    "unit": "%",
                                    "top": "",
                                    "right": "",
                                    "bottom": "",
                                    "left": "",
                                    "isLinked": true
                                },
                                "ekit_blog_posts_shadow_box_shadow_type": "yes",
                                "__globals__": {
                                    "ekit_blog_posts_title_typography_typography": "globals\/typography?id=a4b32ec",
                                    "ekit_blog_posts_background_color": "globals\/colors?id=accent",
                                    "ekit_blog_posts_title_color": "globals\/colors?id=2567de4",
                                    "ekit_blog_posts_content_typography_typography": "globals\/typography?id=text",
                                    "ekit_blog_posts_content_color": "globals\/colors?id=text",
                                    "ekit_blog_posts_btn_typography_typography": "globals\/typography?id=fe8f432",
                                    "ekit_blog_posts_btn_text_color": "globals\/colors?id=dcb4c1a",
                                    "ekit_blog_posts_btn_bg_color_color": "globals\/colors?id=primary",
                                    "ekit_blog_posts_border_color": "globals\/colors?id=secondary"
                                },
                                "ekit_blog_posts_border_border": "solid",
                                "ekit_blog_posts_border_width": {
                                    "unit": "px",
                                    "top": "2",
                                    "right": "2",
                                    "bottom": "2",
                                    "left": "2",
                                    "isLinked": true
                                },
                                "ekit_blog_posts_feature_img_radius": {
                                    "unit": "px",
                                    "top": "0",
                                    "right": "0",
                                    "bottom": "0",
                                    "left": "0",
                                    "isLinked": false
                                },
                                "ekit_blog_posts_feature_img_padding": {
                                    "unit": "px",
                                    "top": "0",
                                    "right": "0",
                                    "bottom": "0",
                                    "left": "0",
                                    "isLinked": false
                                }
                            },
                            "elements": [],
                            "isInner": false,
                            "widgetType": "elementskit-blog-posts",
                            "elType": "widget"
                        }
                    ],
                    "isInner": false,
                    "elType": "column"
                }
            ],
            "isInner": false,
            "elType": "section"
        }
    ]
}