{
    "version": "0.4",
    "title": "Global Kit Styles",
    "type": "section",
    "metadata": {
        "template_type": "global-styles",
        "include_in_zip": "1",
        "elementor_pro_required": null,
        "additional_template_information": [
            "These are the global theme styles configured through the Elementor Theme Styles area."
        ],
        "wp_page_template": "default"
    },
    "content": [],
    "page_settings": {
        "system_colors": [
            {
                "_id": "primary",
                "title": "Primary",
                "color": "#275A53"
            },
            {
                "_id": "secondary",
                "title": "Secondary",
                "color": "#DEB142"
            },
            {
                "_id": "text",
                "title": "Text",
                "color": "#7A7A7A"
            },
            {
                "_id": "accent",
                "title": "Accent",
                "color": "#F4F4F4"
            }
        ],
        "custom_colors": [
            {
                "_id": "dcb4c1a",
                "title": "White",
                "color": "#FFFFFF"
            },
            {
                "_id": "2567de4",
                "title": "Black",
                "color": "#1A1A1A"
            },
            {
                "_id": "e7a6c4b",
                "title": "Light Gray",
                "color": "#CFCFCF"
            },
            {
                "_id": "d8e6ca8",
                "title": "Old Lace Color",
                "color": "#F6F0E4"
            },
            {
                "_id": "e1de322",
                "title": "Tranparent Color 1",
                "color": "#FFFFFF00"
            }
        ],
        "system_typography": [
            {
                "_id": "primary",
                "title": "Primary",
                "typography_typography": "custom",
                "typography_font_family": "Montserrat",
                "typography_font_weight": "700",
                "typography_font_size": {
                    "unit": "rem",
                    "size": "",
                    "sizes": []
                },
                "typography_line_height": {
                    "unit": "em",
                    "size": 1,
                    "sizes": []
                },
                "typography_font_size_mobile": {
                    "unit": "rem",
                    "size": 2.125,
                    "sizes": []
                },
                "typography_font_size_tablet": {
                    "unit": "rem",
                    "size": "",
                    "sizes": []
                },
                "typography_line_height_tablet": {
                    "unit": "em",
                    "size": 1.3,
                    "sizes": []
                },
                "typography_line_height_mobile": {
                    "unit": "em",
                    "size": 1.3,
                    "sizes": []
                }
            },
            {
                "_id": "secondary",
                "title": "Secondary",
                "typography_typography": "custom",
                "typography_font_family": "Montserrat",
                "typography_font_weight": "700",
                "typography_font_size": {
                    "unit": "rem",
                    "size": "",
                    "sizes": []
                },
                "typography_line_height": {
                    "unit": "px",
                    "size": 1.3,
                    "sizes": []
                },
                "typography_font_size_tablet": {
                    "unit": "rem",
                    "size": 2.625,
                    "sizes": []
                },
                "typography_font_size_mobile": {
                    "unit": "rem",
                    "size": 1.625,
                    "sizes": []
                },
                "typography_line_height_tablet": {
                    "unit": "em",
                    "size": 1.3,
                    "sizes": []
                },
                "typography_line_height_mobile": {
                    "unit": "em",
                    "size": 1.3,
                    "sizes": []
                }
            },
            {
                "_id": "text",
                "title": "Text",
                "typography_typography": "custom",
                "typography_font_family": "Lato",
                "typography_font_weight": "400",
                "typography_font_size": {
                    "unit": "rem",
                    "size": "",
                    "sizes": []
                },
                "typography_line_height": {
                    "unit": "em",
                    "size": 1.8,
                    "sizes": []
                },
                "typography_font_size_mobile": {
                    "unit": "rem",
                    "size": 1,
                    "sizes": []
                },
                "typography_line_height_mobile": {
                    "unit": "em",
                    "size": 1.8,
                    "sizes": []
                },
                "typography_font_size_tablet": {
                    "unit": "rem",
                    "size": 1,
                    "sizes": []
                },
                "typography_line_height_tablet": {
                    "unit": "em",
                    "size": 1.8,
                    "sizes": []
                }
            },
            {
                "_id": "accent",
                "title": "Accent",
                "typography_typography": "custom",
                "typography_font_family": "Montserrat",
                "typography_font_weight": "600",
                "typography_font_size": {
                    "unit": "rem",
                    "size": "",
                    "sizes": []
                },
                "typography_line_height": {
                    "unit": "px",
                    "size": 1,
                    "sizes": []
                },
                "typography_font_size_tablet": {
                    "unit": "rem",
                    "size": "",
                    "sizes": []
                },
                "typography_font_size_mobile": {
                    "unit": "rem",
                    "size": "",
                    "sizes": []
                },
                "typography_line_height_tablet": {
                    "unit": "px",
                    "size": 1,
                    "sizes": []
                },
                "typography_line_height_mobile": {
                    "unit": "em",
                    "size": 1,
                    "sizes": []
                }
            }
        ],
        "custom_typography": [
            {
                "typography_typography": "custom",
                "typography_font_family": "Montserrat",
                "typography_font_size": {
                    "unit": "rem",
                    "size": 5.125,
                    "sizes": []
                },
                "typography_font_weight": "700",
                "typography_line_height": {
                    "unit": "em",
                    "size": 1.3,
                    "sizes": []
                },
                "typography_letter_spacing": {
                    "unit": "px",
                    "size": 0,
                    "sizes": []
                },
                "typography_word_spacing": {
                    "unit": "em",
                    "size": "",
                    "sizes": []
                },
                "_id": "0305e16",
                "title": "H1",
                "typography_font_size_tablet": {
                    "unit": "rem",
                    "size": 3.25,
                    "sizes": []
                },
                "typography_line_height_tablet": {
                    "unit": "em",
                    "size": 1.3,
                    "sizes": []
                },
                "typography_font_size_mobile": {
                    "unit": "rem",
                    "size": 2.125,
                    "sizes": []
                },
                "typography_line_height_mobile": {
                    "unit": "em",
                    "size": 1.3,
                    "sizes": []
                }
            },
            {
                "typography_typography": "custom",
                "typography_font_family": "Montserrat",
                "typography_font_size": {
                    "unit": "rem",
                    "size": 3.125,
                    "sizes": []
                },
                "typography_font_weight": "700",
                "typography_line_height": {
                    "unit": "em",
                    "size": 1.3,
                    "sizes": []
                },
                "_id": "b19a301",
                "title": "H2",
                "typography_font_size_tablet": {
                    "unit": "rem",
                    "size": 2.625,
                    "sizes": []
                },
                "typography_line_height_tablet": {
                    "unit": "em",
                    "size": 1.3,
                    "sizes": []
                },
                "typography_font_size_mobile": {
                    "unit": "rem",
                    "size": 1.625,
                    "sizes": []
                },
                "typography_line_height_mobile": {
                    "unit": "em",
                    "size": 1.3,
                    "sizes": []
                }
            },
            {
                "typography_typography": "custom",
                "typography_font_family": "Montserrat",
                "typography_font_size": {
                    "unit": "rem",
                    "size": 2.25,
                    "sizes": []
                },
                "typography_font_weight": "700",
                "typography_line_height": {
                    "unit": "em",
                    "size": 1.3,
                    "sizes": []
                },
                "_id": "64ead09",
                "title": "H3",
                "typography_font_size_tablet": {
                    "unit": "rem",
                    "size": "",
                    "sizes": []
                },
                "typography_line_height_tablet": {
                    "unit": "em",
                    "size": 1.3,
                    "sizes": []
                },
                "typography_font_size_mobile": {
                    "unit": "rem",
                    "size": 1.5,
                    "sizes": []
                },
                "typography_line_height_mobile": {
                    "unit": "em",
                    "size": 1.3,
                    "sizes": []
                }
            },
            {
                "typography_typography": "custom",
                "typography_font_family": "Montserrat",
                "typography_font_size": {
                    "unit": "rem",
                    "size": 1.625,
                    "sizes": []
                },
                "typography_font_weight": "700",
                "typography_line_height": {
                    "unit": "em",
                    "size": 1.3,
                    "sizes": []
                },
                "_id": "5d0a1ee",
                "title": "H4",
                "typography_font_size_tablet": {
                    "unit": "rem",
                    "size": 1.5,
                    "sizes": []
                },
                "typography_line_height_tablet": {
                    "unit": "em",
                    "size": 1.3,
                    "sizes": []
                },
                "typography_font_size_mobile": {
                    "unit": "rem",
                    "size": 1.375,
                    "sizes": []
                },
                "typography_line_height_mobile": {
                    "unit": "em",
                    "size": 1.3,
                    "sizes": []
                }
            },
            {
                "typography_typography": "custom",
                "typography_font_family": "Montserrat",
                "typography_font_size": {
                    "unit": "rem",
                    "size": 1.375,
                    "sizes": []
                },
                "typography_font_weight": "700",
                "typography_line_height": {
                    "unit": "em",
                    "size": 1.3,
                    "sizes": []
                },
                "_id": "a4b32ec",
                "title": "H5",
                "typography_font_size_tablet": {
                    "unit": "rem",
                    "size": 1.375,
                    "sizes": []
                },
                "typography_line_height_tablet": {
                    "unit": "em",
                    "size": 1.3,
                    "sizes": []
                },
                "typography_font_size_mobile": {
                    "unit": "rem",
                    "size": 1.25,
                    "sizes": []
                },
                "typography_line_height_mobile": {
                    "unit": "em",
                    "size": 1.3,
                    "sizes": []
                }
            },
            {
                "typography_typography": "custom",
                "typography_font_family": "Montserrat",
                "typography_font_size": {
                    "unit": "rem",
                    "size": 1.125,
                    "sizes": []
                },
                "typography_font_weight": "500",
                "typography_line_height": {
                    "unit": "em",
                    "size": 1.3,
                    "sizes": []
                },
                "typography_letter_spacing": {
                    "unit": "px",
                    "size": 3,
                    "sizes": []
                },
                "_id": "2efc5fc",
                "title": "H6",
                "typography_font_size_tablet": {
                    "unit": "rem",
                    "size": 1.125,
                    "sizes": []
                },
                "typography_line_height_tablet": {
                    "unit": "em",
                    "size": 1.3,
                    "sizes": []
                },
                "typography_letter_spacing_tablet": {
                    "unit": "px",
                    "size": 3,
                    "sizes": []
                },
                "typography_font_size_mobile": {
                    "unit": "rem",
                    "size": 1,
                    "sizes": []
                },
                "typography_line_height_mobile": {
                    "unit": "em",
                    "size": 1.3,
                    "sizes": []
                },
                "typography_letter_spacing_mobile": {
                    "unit": "px",
                    "size": 3,
                    "sizes": []
                }
            },
            {
                "typography_typography": "custom",
                "typography_font_family": "Montserrat",
                "typography_font_size": {
                    "unit": "rem",
                    "size": 1.125,
                    "sizes": []
                },
                "typography_font_weight": "600",
                "typography_line_height": {
                    "unit": "em",
                    "size": 1,
                    "sizes": []
                },
                "_id": "fe8f432",
                "title": "Button Text",
                "typography_font_size_tablet": {
                    "unit": "rem",
                    "size": 1,
                    "sizes": []
                },
                "typography_line_height_tablet": {
                    "unit": "em",
                    "size": 1,
                    "sizes": []
                },
                "typography_font_size_mobile": {
                    "unit": "rem",
                    "size": 1,
                    "sizes": []
                },
                "typography_line_height_mobile": {
                    "unit": "em",
                    "size": 1,
                    "sizes": []
                }
            },
            {
                "typography_typography": "custom",
                "typography_font_family": "Montserrat",
                "typography_font_size": {
                    "unit": "rem",
                    "size": 3.625,
                    "sizes": []
                },
                "typography_font_weight": "700",
                "typography_line_height": {
                    "unit": "em",
                    "size": 1.3,
                    "sizes": []
                },
                "_id": "a86fe4d",
                "title": "Counter Text",
                "typography_font_size_tablet": {
                    "unit": "rem",
                    "size": 3.25,
                    "sizes": []
                },
                "typography_line_height_tablet": {
                    "unit": "em",
                    "size": 1.3,
                    "sizes": []
                },
                "typography_font_size_mobile": {
                    "unit": "rem",
                    "size": 3,
                    "sizes": []
                },
                "typography_line_height_mobile": {
                    "unit": "em",
                    "size": 1.3,
                    "sizes": []
                }
            },
            {
                "typography_typography": "custom",
                "typography_font_family": "Montserrat",
                "typography_font_size": {
                    "unit": "rem",
                    "size": 1.125,
                    "sizes": []
                },
                "typography_font_weight": "700",
                "typography_line_height": {
                    "unit": "em",
                    "size": 1.3,
                    "sizes": []
                },
                "_id": "3f5e177",
                "title": "Text Bold",
                "typography_font_size_tablet": {
                    "unit": "rem",
                    "size": 1.125,
                    "sizes": []
                },
                "typography_line_height_tablet": {
                    "unit": "em",
                    "size": 1.3,
                    "sizes": []
                },
                "typography_font_size_mobile": {
                    "unit": "rem",
                    "size": 1.125,
                    "sizes": []
                },
                "typography_line_height_mobile": {
                    "unit": "em",
                    "size": 1.3,
                    "sizes": []
                }
            },
            {
                "typography_typography": "custom",
                "typography_font_family": "Lato",
                "typography_font_size": {
                    "unit": "rem",
                    "size": "",
                    "sizes": []
                },
                "typography_font_weight": "400",
                "typography_font_style": "italic",
                "typography_line_height": {
                    "unit": "em",
                    "size": 1.5,
                    "sizes": []
                },
                "_id": "f0869e2",
                "title": "Text Italic",
                "typography_font_size_mobile": {
                    "unit": "rem",
                    "size": 1,
                    "sizes": []
                },
                "typography_line_height_mobile": {
                    "unit": "em",
                    "size": 1.5,
                    "sizes": []
                },
                "typography_font_size_tablet": {
                    "unit": "rem",
                    "size": "",
                    "sizes": []
                }
            },
            {
                "typography_typography": "custom",
                "typography_font_family": "Montserrat",
                "typography_font_size": {
                    "unit": "rem",
                    "size": 3.25,
                    "sizes": []
                },
                "typography_font_size_tablet": {
                    "unit": "rem",
                    "size": 2.625,
                    "sizes": []
                },
                "typography_font_size_mobile": {
                    "unit": "rem",
                    "size": 1.625,
                    "sizes": []
                },
                "typography_font_weight": "700",
                "typography_line_height": {
                    "unit": "em",
                    "size": 1.3,
                    "sizes": []
                },
                "typography_line_height_tablet": {
                    "unit": "em",
                    "size": 1.3,
                    "sizes": []
                },
                "typography_line_height_mobile": {
                    "unit": "em",
                    "size": 1.3,
                    "sizes": []
                },
                "typography_word_spacing": {
                    "unit": "em",
                    "size": "",
                    "sizes": []
                },
                "_id": "5edc5e6",
                "title": "Price Text"
            },
            {
                "typography_typography": "custom",
                "typography_font_family": "Montserrat",
                "typography_font_size": {
                    "unit": "rem",
                    "size": 6.875,
                    "sizes": []
                },
                "typography_font_size_tablet": {
                    "unit": "rem",
                    "size": 3.25,
                    "sizes": []
                },
                "typography_font_size_mobile": {
                    "unit": "rem",
                    "size": 2.125,
                    "sizes": []
                },
                "typography_font_weight": "800",
                "typography_line_height": {
                    "unit": "em",
                    "size": 1,
                    "sizes": []
                },
                "typography_line_height_tablet": {
                    "unit": "em",
                    "size": 1.3,
                    "sizes": []
                },
                "typography_line_height_mobile": {
                    "unit": "em",
                    "size": 1.3,
                    "sizes": []
                },
                "typography_letter_spacing": {
                    "unit": "px",
                    "size": 0,
                    "sizes": []
                },
                "typography_word_spacing": {
                    "unit": "em",
                    "size": "",
                    "sizes": []
                },
                "_id": "7eac462",
                "title": "404"
            },
            {
                "typography_typography": "custom",
                "typography_font_family": "Montserrat",
                "typography_font_size": {
                    "unit": "rem",
                    "size": 2,
                    "sizes": []
                },
                "typography_font_size_tablet": {
                    "unit": "rem",
                    "size": 1.5,
                    "sizes": []
                },
                "typography_font_size_mobile": {
                    "unit": "rem",
                    "size": 1.375,
                    "sizes": []
                },
                "typography_font_weight": "700",
                "typography_line_height": {
                    "unit": "em",
                    "size": 1.3,
                    "sizes": []
                },
                "typography_line_height_tablet": {
                    "unit": "em",
                    "size": 1.3,
                    "sizes": []
                },
                "typography_line_height_mobile": {
                    "unit": "em",
                    "size": 1.3,
                    "sizes": []
                },
                "typography_word_spacing": {
                    "unit": "em",
                    "size": "",
                    "sizes": []
                },
                "_id": "b637b23",
                "title": "Text Bold 2"
            }
        ],
        "default_generic_fonts": "Sans-serif",
        "container_width": {
            "unit": "px",
            "size": 1400,
            "sizes": []
        },
        "page_title_selector": "h1.entry-title",
        "hello_footer_copyright_text": "All rights reserved",
        "viewport_md": 768,
        "viewport_lg": 1025,
        "activeItemIndex": 1,
        "button_border_radius": {
            "unit": "px",
            "top": "0",
            "right": "0",
            "bottom": "0",
            "left": "0",
            "isLinked": false
        },
        "button_hover_border_radius": {
            "unit": "px",
            "top": "0",
            "right": "0",
            "bottom": "0",
            "left": "0",
            "isLinked": false
        },
        "__globals__": {
            "button_typography_typography": "globals\/typography?id=fe8f432",
            "button_text_color": "globals\/colors?id=dcb4c1a",
            "button_background_color": "globals\/colors?id=primary",
            "button_hover_background_color": "globals\/colors?id=secondary",
            "link_normal_color": "globals\/colors?id=secondary",
            "h1_color": "globals\/colors?id=dcb4c1a",
            "h1_typography_typography": "globals\/typography?id=0305e16",
            "h2_color": "globals\/colors?id=2567de4",
            "h2_typography_typography": "globals\/typography?id=b19a301",
            "h3_color": "globals\/colors?id=2567de4",
            "h3_typography_typography": "globals\/typography?id=64ead09",
            "h4_color": "globals\/colors?id=2567de4",
            "h4_typography_typography": "globals\/typography?id=5d0a1ee",
            "h5_color": "globals\/colors?id=2567de4",
            "h5_typography_typography": "globals\/typography?id=a4b32ec",
            "h6_color": "globals\/colors?id=secondary",
            "h6_typography_typography": "globals\/typography?id=2efc5fc",
            "body_color": "globals\/colors?id=text",
            "body_typography_typography": "globals\/typography?id=text",
            "link_hover_color": "globals\/colors?id=dcb4c1a",
            "body_background_color": "globals\/colors?id=accent"
        },
        "body_background_background": "classic"
    }
}