{
    "version": "0.4",
    "title": "Moderior &#8211; Footer",
    "type": "section",
    "metadata": {
        "template_type": "section-footer",
        "include_in_zip": "1",
        "elementor_pro_required": null,
        "wp_page_template": "elementor_canvas"
    },
    "content": [
        {
            "id": "1373e67",
            "settings": {
                "structure": "40",
                "background_background": "classic",
                "padding": {
                    "unit": "em",
                    "top": "6",
                    "right": "1",
                    "bottom": "6",
                    "left": "1",
                    "isLinked": false
                },
                "padding_tablet": {
                    "unit": "em",
                    "top": "",
                    "right": "",
                    "bottom": "",
                    "left": "",
                    "isLinked": true
                },
                "padding_mobile": {
                    "unit": "em",
                    "top": "",
                    "right": "",
                    "bottom": "",
                    "left": "",
                    "isLinked": true
                },
                "__globals__": {
                    "background_color": "globals\/colors?id=primary"
                }
            },
            "elements": [
                {
                    "id": "3d4972ec",
                    "settings": {
                        "_column_size": 25,
                        "_inline_size": 35,
                        "padding": {
                            "unit": "em",
                            "top": "1",
                            "right": "1",
                            "bottom": "1",
                            "left": "1",
                            "isLinked": true
                        },
                        "padding_tablet": {
                            "unit": "em",
                            "top": "1",
                            "right": "1",
                            "bottom": "3",
                            "left": "1",
                            "isLinked": false
                        },
                        "padding_mobile": {
                            "unit": "em",
                            "top": "",
                            "right": "",
                            "bottom": "",
                            "left": "",
                            "isLinked": true
                        },
                        "_inline_size_tablet": 100
                    },
                    "elements": [
                        {
                            "id": "2c0eb29a",
                            "settings": {
                                "image": {
                                    "url": "http:\/\/mhkit.rometheme.pro\/moderior\/wp-content\/uploads\/sites\/4\/2022\/05\/Moderior-Logo.png",
                                    "id": 1999,
                                    "alt": "",
                                    "source": "library"
                                },
                                "image_size": "full"
                            },
                            "elements": [],
                            "isInner": false,
                            "widgetType": "image",
                            "elType": "widget"
                        },
                        {
                            "id": "2b0d4026",
                            "settings": {
                                "align": "left",
                                "__globals__": {
                                    "typography_typography": "globals\/typography?id=text",
                                    "text_color": "globals\/colors?id=dcb4c1a"
                                },
                                "align_tablet": "center",
                                "editor": "<p>Lorem ipsum dolor sit amet, consectetur adipiscing elit. Ut elit tellus, luctus nec ullamcorper mattis, pulvinar dapibus leo. Maecenas eu luctus lorem. Vestibulum nec sem eu sem tincidunt pharetra. Aliquam sed aliquam velit.<\/p>"
                            },
                            "elements": [],
                            "isInner": false,
                            "widgetType": "text-editor",
                            "elType": "widget"
                        },
                        {
                            "id": "305fa563",
                            "settings": {
                                "ekit_socialmedia_add_icons": [
                                    {
                                        "ekit_socialmedia_icons": {
                                            "value": "fab fa-facebook",
                                            "library": "fa-brands"
                                        },
                                        "ekit_socialmedia_label": "Facebook",
                                        "_id": "381dbf9",
                                        "ekit_socialmedia_icon_hover_bg_color": "",
                                        "__globals__": {
                                            "ekit_socialmedia_icon_color": "globals\/colors?id=secondary",
                                            "ekit_socialmedia_icon_hover_color": "globals\/colors?id=dcb4c1a"
                                        }
                                    },
                                    {
                                        "ekit_socialmedia_icons": {
                                            "value": "fab fa-instagram",
                                            "library": "fa-brands"
                                        },
                                        "ekit_socialmedia_label": "Instagram",
                                        "ekit_socialmedia_icon_hover_bg_color": "",
                                        "_id": "5e8f13f",
                                        "__globals__": {
                                            "ekit_socialmedia_icon_color": "globals\/colors?id=secondary",
                                            "ekit_socialmedia_icon_hover_color": "globals\/colors?id=dcb4c1a"
                                        }
                                    },
                                    {
                                        "ekit_socialmedia_icons": {
                                            "value": "icon icon-twitter",
                                            "library": "ekiticons"
                                        },
                                        "ekit_socialmedia_label": "Twitter",
                                        "ekit_socialmedia_icon_hover_bg_color": "",
                                        "_id": "a11f1d8",
                                        "__globals__": {
                                            "ekit_socialmedia_icon_color": "globals\/colors?id=secondary",
                                            "ekit_socialmedia_icon_hover_color": "globals\/colors?id=dcb4c1a"
                                        }
                                    },
                                    {
                                        "_id": "6f5571a",
                                        "ekit_socialmedia_icons": {
                                            "value": "fab fa-youtube",
                                            "library": "fa-brands"
                                        },
                                        "ekit_socialmedia_label": "Youtube",
                                        "ekit_socialmedia_icon_hover_bg_color": "",
                                        "__globals__": {
                                            "ekit_socialmedia_icon_color": "globals\/colors?id=secondary",
                                            "ekit_socialmedia_icon_hover_color": "globals\/colors?id=dcb4c1a"
                                        }
                                    }
                                ],
                                "_margin": {
                                    "unit": "%",
                                    "top": "-6",
                                    "right": "0",
                                    "bottom": "0",
                                    "left": "-4",
                                    "isLinked": false
                                },
                                "_margin_tablet": {
                                    "unit": "%",
                                    "top": "0",
                                    "right": "0",
                                    "bottom": "0",
                                    "left": "0",
                                    "isLinked": false
                                },
                                "_margin_mobile": {
                                    "unit": "%",
                                    "top": "",
                                    "right": "",
                                    "bottom": "",
                                    "left": "",
                                    "isLinked": true
                                },
                                "ekit_socialmedai_list_align_tablet": "center",
                                "ekit_socialmedai_list_item_align": "left",
                                "ekit_socialmedai_list_item_align_tablet": "center",
                                "ekit_socialmedai_list_margin": {
                                    "unit": "px",
                                    "top": "15",
                                    "right": "15",
                                    "bottom": "15",
                                    "left": "15",
                                    "isLinked": true
                                },
                                "ekit_socialmedai_list_icon_size": {
                                    "unit": "px",
                                    "size": 28,
                                    "sizes": []
                                },
                                "ekit_socialmedai_list_align": "left"
                            },
                            "elements": [],
                            "isInner": false,
                            "widgetType": "elementskit-social-media",
                            "elType": "widget"
                        }
                    ],
                    "isInner": false,
                    "elType": "column"
                },
                {
                    "id": "5e79544",
                    "settings": {
                        "_column_size": 25,
                        "_inline_size": 20,
                        "padding": {
                            "unit": "em",
                            "top": "1",
                            "right": "1",
                            "bottom": "1",
                            "left": "5",
                            "isLinked": false
                        },
                        "padding_tablet": {
                            "unit": "em",
                            "top": "0",
                            "right": "0",
                            "bottom": "0",
                            "left": "1",
                            "isLinked": false
                        },
                        "padding_mobile": {
                            "unit": "em",
                            "top": "",
                            "right": "",
                            "bottom": "",
                            "left": "",
                            "isLinked": true
                        },
                        "_inline_size_tablet": 50
                    },
                    "elements": [
                        {
                            "id": "77483112",
                            "settings": {
                                "title": "Navigation",
                                "header_size": "h4",
                                "align": "left",
                                "__globals__": {
                                    "typography_typography": "globals\/typography?id=5d0a1ee",
                                    "title_color": "globals\/colors?id=dcb4c1a"
                                }
                            },
                            "elements": [],
                            "isInner": false,
                            "widgetType": "heading",
                            "elType": "widget"
                        },
                        {
                            "id": "52c89921",
                            "settings": {
                                "width": {
                                    "unit": "%",
                                    "size": 30,
                                    "sizes": []
                                },
                                "text": "Divider",
                                "weight": {
                                    "unit": "px",
                                    "size": 3,
                                    "sizes": []
                                },
                                "__globals__": {
                                    "color": "globals\/colors?id=secondary"
                                },
                                "align": "left",
                                "align_tablet": "center"
                            },
                            "elements": [],
                            "isInner": false,
                            "widgetType": "divider",
                            "elType": "widget"
                        },
                        {
                            "id": "5a7246f8",
                            "settings": {
                                "icon_list": [
                                    {
                                        "text": "Home",
                                        "selected_icon": {
                                            "value": "icon icon-right-arrow1",
                                            "library": "ekiticons"
                                        },
                                        "_id": "eaa9d1b",
                                        "link": {
                                            "url": "#",
                                            "is_external": "",
                                            "nofollow": "",
                                            "custom_attributes": ""
                                        }
                                    },
                                    {
                                        "text": "About Us",
                                        "selected_icon": {
                                            "value": "icon icon-right-arrow1",
                                            "library": "ekiticons"
                                        },
                                        "_id": "4e05c6a",
                                        "link": {
                                            "url": "#",
                                            "is_external": "",
                                            "nofollow": "",
                                            "custom_attributes": ""
                                        }
                                    },
                                    {
                                        "text": "Services",
                                        "selected_icon": {
                                            "value": "icon icon-right-arrow1",
                                            "library": "ekiticons"
                                        },
                                        "_id": "cffa5dd",
                                        "link": {
                                            "url": "#",
                                            "is_external": "",
                                            "nofollow": "",
                                            "custom_attributes": ""
                                        }
                                    },
                                    {
                                        "_id": "2593e67",
                                        "text": "Project",
                                        "selected_icon": {
                                            "value": "icon icon-right-arrow1",
                                            "library": "ekiticons"
                                        },
                                        "link": {
                                            "url": "#",
                                            "is_external": "",
                                            "nofollow": "",
                                            "custom_attributes": ""
                                        }
                                    }
                                ],
                                "space_between": {
                                    "unit": "px",
                                    "size": 25,
                                    "sizes": []
                                },
                                "icon_align": "left",
                                "__globals__": {
                                    "icon_color": "globals\/colors?id=secondary",
                                    "text_color": "globals\/colors?id=dcb4c1a",
                                    "icon_typography_typography": "globals\/typography?id=3f5e177",
                                    "text_color_hover": "globals\/colors?id=secondary"
                                }
                            },
                            "elements": [],
                            "isInner": false,
                            "widgetType": "icon-list",
                            "elType": "widget"
                        }
                    ],
                    "isInner": false,
                    "elType": "column"
                },
                {
                    "id": "6d5a6ee5",
                    "settings": {
                        "_column_size": 25,
                        "_inline_size": 20,
                        "padding": {
                            "unit": "em",
                            "top": "1",
                            "right": "1",
                            "bottom": "1",
                            "left": "2",
                            "isLinked": false
                        },
                        "padding_tablet": {
                            "unit": "em",
                            "top": "",
                            "right": "",
                            "bottom": "",
                            "left": "",
                            "isLinked": true
                        },
                        "padding_mobile": {
                            "unit": "em",
                            "top": "3",
                            "right": "1",
                            "bottom": "1",
                            "left": "1",
                            "isLinked": false
                        },
                        "_inline_size_tablet": 50
                    },
                    "elements": [
                        {
                            "id": "6a72dd6",
                            "settings": {
                                "title": "Get In Touch",
                                "header_size": "h4",
                                "align": "left",
                                "__globals__": {
                                    "typography_typography": "globals\/typography?id=5d0a1ee",
                                    "title_color": "globals\/colors?id=dcb4c1a"
                                }
                            },
                            "elements": [],
                            "isInner": false,
                            "widgetType": "heading",
                            "elType": "widget"
                        },
                        {
                            "id": "36917eba",
                            "settings": {
                                "width": {
                                    "unit": "%",
                                    "size": 25,
                                    "sizes": []
                                },
                                "text": "Divider",
                                "weight": {
                                    "unit": "px",
                                    "size": 3,
                                    "sizes": []
                                },
                                "__globals__": {
                                    "color": "globals\/colors?id=secondary"
                                },
                                "align": "left",
                                "align_tablet": "center"
                            },
                            "elements": [],
                            "isInner": false,
                            "widgetType": "divider",
                            "elType": "widget"
                        },
                        {
                            "id": "60fb6bfc",
                            "settings": {
                                "icon_list": [
                                    {
                                        "text": "99 Roving St., Big City, PKU 23456",
                                        "selected_icon": {
                                            "value": "fas fa-map-marked-alt",
                                            "library": "fa-solid"
                                        },
                                        "_id": "e3536b5"
                                    },
                                    {
                                        "text": "Monday -  Saturday",
                                        "selected_icon": {
                                            "value": "fas fa-calendar-check",
                                            "library": "fa-solid"
                                        },
                                        "_id": "05ce2ce"
                                    },
                                    {
                                        "text": "08:00 AM - 05:00 PM",
                                        "selected_icon": {
                                            "value": "fas fa-clock",
                                            "library": "fa-solid"
                                        },
                                        "_id": "521fbf8"
                                    }
                                ],
                                "space_between": {
                                    "unit": "px",
                                    "size": 25,
                                    "sizes": []
                                },
                                "icon_align": "left",
                                "icon_align_tablet": "left",
                                "icon_align_mobile": "left",
                                "divider_width": {
                                    "unit": "%",
                                    "size": 4,
                                    "sizes": []
                                },
                                "icon_size": {
                                    "unit": "px",
                                    "size": 30,
                                    "sizes": []
                                },
                                "__globals__": {
                                    "icon_color": "globals\/colors?id=secondary",
                                    "text_color": "globals\/colors?id=dcb4c1a",
                                    "icon_typography_typography": "globals\/typography?id=3f5e177"
                                }
                            },
                            "elements": [],
                            "isInner": false,
                            "widgetType": "icon-list",
                            "elType": "widget"
                        }
                    ],
                    "isInner": false,
                    "elType": "column"
                },
                {
                    "id": "14498891",
                    "settings": {
                        "_column_size": 25,
                        "_inline_size": 25,
                        "padding": {
                            "unit": "em",
                            "top": "1",
                            "right": "1",
                            "bottom": "1",
                            "left": "1",
                            "isLinked": true
                        },
                        "padding_tablet": {
                            "unit": "em",
                            "top": "",
                            "right": "",
                            "bottom": "",
                            "left": "",
                            "isLinked": true
                        },
                        "padding_mobile": {
                            "unit": "em",
                            "top": "",
                            "right": "",
                            "bottom": "",
                            "left": "",
                            "isLinked": true
                        }
                    },
                    "elements": [
                        {
                            "id": "6bb13436",
                            "settings": {
                                "title": "Our Projects",
                                "header_size": "h4",
                                "align": "left",
                                "__globals__": {
                                    "typography_typography": "globals\/typography?id=5d0a1ee",
                                    "title_color": "globals\/colors?id=dcb4c1a"
                                }
                            },
                            "elements": [],
                            "isInner": false,
                            "widgetType": "heading",
                            "elType": "widget"
                        },
                        {
                            "id": "2ec9baf2",
                            "settings": {
                                "width": {
                                    "unit": "%",
                                    "size": 20,
                                    "sizes": []
                                },
                                "text": "Divider",
                                "weight": {
                                    "unit": "px",
                                    "size": 3,
                                    "sizes": []
                                },
                                "__globals__": {
                                    "color": "globals\/colors?id=secondary"
                                },
                                "align": "left",
                                "align_tablet": "center"
                            },
                            "elements": [],
                            "isInner": false,
                            "widgetType": "divider",
                            "elType": "widget"
                        },
                        {
                            "id": "21ddea19",
                            "settings": {
                                "image": {
                                    "url": "http:\/\/mhkit.rometheme.pro\/moderior\/wp-content\/uploads\/sites\/4\/2022\/06\/modern-scandinavian-apartment-with-trendy-furnitur-2021-08-27-09-34-24-LAV94H7-b.jpg",
                                    "id": 1757,
                                    "alt": "",
                                    "source": "library"
                                },
                                "image_size": "full"
                            },
                            "elements": [],
                            "isInner": false,
                            "widgetType": "image",
                            "elType": "widget"
                        }
                    ],
                    "isInner": false,
                    "elType": "column"
                }
            ],
            "isInner": false,
            "elType": "section"
        },
        {
            "id": "326d9546",
            "settings": {
                "background_background": "classic",
                "padding": {
                    "unit": "em",
                    "top": "1",
                    "right": "1",
                    "bottom": "1",
                    "left": "1",
                    "isLinked": true
                },
                "padding_tablet": {
                    "unit": "em",
                    "top": "",
                    "right": "",
                    "bottom": "",
                    "left": "",
                    "isLinked": true
                },
                "padding_mobile": {
                    "unit": "em",
                    "top": "",
                    "right": "",
                    "bottom": "",
                    "left": "",
                    "isLinked": true
                },
                "__globals__": {
                    "background_color": "globals\/colors?id=d8e6ca8"
                }
            },
            "elements": [
                {
                    "id": "1bcc6d5a",
                    "settings": {
                        "_column_size": 100,
                        "_inline_size": null
                    },
                    "elements": [
                        {
                            "id": "4f49da5b",
                            "settings": {
                                "title": "Copyright 2022 \u00a9 All Right Reserved Design by Rometheme",
                                "header_size": "span",
                                "align": "center",
                                "__globals__": {
                                    "title_color": "globals\/colors?id=primary",
                                    "typography_typography": "globals\/typography?id=text"
                                }
                            },
                            "elements": [],
                            "isInner": false,
                            "widgetType": "heading",
                            "elType": "widget"
                        }
                    ],
                    "isInner": false,
                    "elType": "column"
                }
            ],
            "isInner": false,
            "elType": "section"
        }
    ]
}