{
    "version": "0.4",
    "title": "Moderior &#8211; Header",
    "type": "section",
    "metadata": {
        "template_type": "section-header",
        "include_in_zip": "1",
        "elementor_pro_required": null,
        "wp_page_template": "elementor_canvas"
    },
    "content": [
        {
            "id": "1f5dca21",
            "settings": {
                "structure": "30",
                "background_background": "classic",
                "border_width": {
                    "unit": "px",
                    "top": "0",
                    "right": "0",
                    "bottom": "3",
                    "left": "0",
                    "isLinked": false
                },
                "padding": {
                    "unit": "em",
                    "top": "",
                    "right": "",
                    "bottom": "",
                    "left": "",
                    "isLinked": true
                },
                "padding_tablet": {
                    "unit": "em",
                    "top": "",
                    "right": "",
                    "bottom": "",
                    "left": "",
                    "isLinked": true
                },
                "padding_mobile": {
                    "unit": "em",
                    "top": "",
                    "right": "",
                    "bottom": "",
                    "left": "",
                    "isLinked": true
                },
                "__globals__": {
                    "background_color": "globals\/colors?id=e1de322",
                    "border_color": "globals\/colors?id=primary"
                },
                "border_color": "#3E8E7E",
                "box_shadow_box_shadow": {
                    "horizontal": 0,
                    "vertical": 0,
                    "blur": 10,
                    "spread": 0,
                    "color": "rgba(0, 0, 0, 0)"
                },
                "margin": {
                    "unit": "em",
                    "top": "0",
                    "right": 0,
                    "bottom": "-8",
                    "left": 0,
                    "isLinked": false
                },
                "margin_tablet": {
                    "unit": "em",
                    "top": "",
                    "right": "",
                    "bottom": "",
                    "left": "",
                    "isLinked": true
                },
                "margin_mobile": {
                    "unit": "em",
                    "top": "",
                    "right": "",
                    "bottom": "",
                    "left": "",
                    "isLinked": true
                },
                "z_index": 2
            },
            "elements": [
                {
                    "id": "4fffffb4",
                    "settings": {
                        "_column_size": 33,
                        "_inline_size": 20,
                        "background_background": "classic",
                        "__globals__": {
                            "background_color": "globals\/colors?id=e1de322"
                        },
                        "padding": {
                            "unit": "em",
                            "top": "1",
                            "right": "1",
                            "bottom": "1",
                            "left": "1",
                            "isLinked": true
                        },
                        "padding_tablet": {
                            "unit": "em",
                            "top": "",
                            "right": "",
                            "bottom": "",
                            "left": "",
                            "isLinked": true
                        },
                        "padding_mobile": {
                            "unit": "em",
                            "top": "",
                            "right": "",
                            "bottom": "",
                            "left": "",
                            "isLinked": true
                        },
                        "_inline_size_tablet": 40,
                        "_inline_size_mobile": 70
                    },
                    "elements": [
                        {
                            "id": "250f794f",
                            "settings": {
                                "image": {
                                    "url": "http:\/\/mhkit.rometheme.pro\/moderior\/wp-content\/uploads\/sites\/4\/2022\/05\/Moderior-Logo-3.png",
                                    "id": 2030,
                                    "alt": "",
                                    "source": "library"
                                },
                                "image_size": "full",
                                "align": "center",
                                "_margin": {
                                    "unit": "%",
                                    "top": "-2",
                                    "right": "0",
                                    "bottom": "0",
                                    "left": "0",
                                    "isLinked": false
                                },
                                "_margin_tablet": {
                                    "unit": "%",
                                    "top": "",
                                    "right": "",
                                    "bottom": "",
                                    "left": "",
                                    "isLinked": true
                                },
                                "_margin_mobile": {
                                    "unit": "%",
                                    "top": "",
                                    "right": "",
                                    "bottom": "",
                                    "left": "",
                                    "isLinked": true
                                }
                            },
                            "elements": [],
                            "isInner": false,
                            "widgetType": "image",
                            "elType": "widget"
                        }
                    ],
                    "isInner": false,
                    "elType": "column"
                },
                {
                    "id": "7809c313",
                    "settings": {
                        "_column_size": 33,
                        "_inline_size": 59.333,
                        "background_background": "classic",
                        "padding": {
                            "unit": "em",
                            "top": "1",
                            "right": "1",
                            "bottom": "1",
                            "left": "1",
                            "isLinked": true
                        },
                        "padding_tablet": {
                            "unit": "em",
                            "top": "",
                            "right": "",
                            "bottom": "",
                            "left": "",
                            "isLinked": true
                        },
                        "padding_mobile": {
                            "unit": "em",
                            "top": "",
                            "right": "",
                            "bottom": "",
                            "left": "",
                            "isLinked": true
                        },
                        "__globals__": {
                            "background_color": "globals\/colors?id=e1de322"
                        },
                        "_inline_size_tablet": 60,
                        "_inline_size_mobile": 30,
                        "content_position": "center"
                    },
                    "elements": [
                        {
                            "id": "40a4f27c",
                            "settings": {
                                "elementskit_nav_menu": "moderior-menu",
                                "elementskit_submenu_container_width": "220px",
                                "elementskit_main_menu_position": "elementskit-menu-po-center",
                                "elementskit_content_typography_typography": "custom",
                                "elementskit_content_typography_font_family": "Montserrat",
                                "elementskit_content_typography_font_size": {
                                    "unit": "px",
                                    "size": 18,
                                    "sizes": []
                                },
                                "elementskit_content_typography_font_weight": "700",
                                "elementskit_content_typography_line_height": {
                                    "unit": "em",
                                    "size": 1.3,
                                    "sizes": []
                                },
                                "elementskit_content_typography_word_spacing": {
                                    "unit": "em",
                                    "size": "",
                                    "sizes": []
                                },
                                "elementskit_menu_text_color": "#FFFFFF",
                                "elementskit_item_color_hover": "#DEB142",
                                "elementskit_nav_menu_active_text_color": "#DEB142",
                                "elementskit_style_tab_submenu_indicator_color": "#FFFFFF",
                                "elementskit_menu_item_typography_typography": "custom",
                                "elementskit_menu_item_typography_font_family": "Lato",
                                "elementskit_menu_item_typography_font_size": {
                                    "unit": "px",
                                    "size": 16,
                                    "sizes": []
                                },
                                "elementskit_menu_item_typography_font_weight": "400",
                                "elementskit_menu_item_typography_line_height": {
                                    "unit": "em",
                                    "size": 1.8,
                                    "sizes": []
                                },
                                "elementskit_submenu_item_color": "#1A1A1A",
                                "elementskit_menu_item_background_background": "classic",
                                "elementskit_item_text_color_hover": "#DEB142",
                                "elementskit_nav_sub_menu_active_text_color": "#DEB142",
                                "elementskit_submenu_container_background_background": "classic",
                                "elementskit_submenu_panel_border_radius": {
                                    "unit": "px",
                                    "top": "0",
                                    "right": "0",
                                    "bottom": "0",
                                    "left": "0",
                                    "isLinked": true
                                },
                                "elementskit_panel_box_shadow_box_shadow_type": "yes",
                                "elementskit_panel_box_shadow_box_shadow": {
                                    "horizontal": 0,
                                    "vertical": 5,
                                    "blur": 10,
                                    "spread": 0,
                                    "color": "rgba(0, 0, 0, 0)"
                                },
                                "__globals__": {
                                    "elementskit_content_typography_typography": "globals\/typography?id=3f5e177",
                                    "elementskit_nav_menu_active_text_color": "globals\/colors?id=secondary",
                                    "elementskit_menu_text_color": "globals\/colors?id=dcb4c1a",
                                    "elementskit_item_color_hover": "globals\/colors?id=secondary",
                                    "elementskit_style_tab_submenu_indicator_color": "globals\/colors?id=dcb4c1a",
                                    "elementskit_menu_item_typography_typography": "globals\/typography?id=text",
                                    "elementskit_nav_sub_menu_active_text_color": "globals\/colors?id=secondary",
                                    "elementskit_submenu_item_color": "globals\/colors?id=2567de4",
                                    "elementskit_item_text_color_hover": "globals\/colors?id=secondary",
                                    "elementskit_menu_item_background_color": "globals\/colors?id=dcb4c1a",
                                    "elementskit_submenu_container_background_color": "globals\/colors?id=dcb4c1a",
                                    "elementskit_item_background_color": "",
                                    "elementskit_item_background_hover_color": "",
                                    "elementskit_nav_menu_active_bg_color_color": "",
                                    "elementskit_menu_toggle_background_color": "globals\/colors?id=secondary",
                                    "elementskit_menu_close_icon_color": "globals\/colors?id=dcb4c1a",
                                    "elementskit_menu_toggle_background_hover_color": "globals\/colors?id=dcb4c1a",
                                    "elementskit_menu_close_background_color": "globals\/colors?id=secondary",
                                    "elementskit_menu_close_background_hover_color": "globals\/colors?id=primary",
                                    "elementskit_menu_close_icon_color_hover": "globals\/colors?id=dcb4c1a",
                                    "elementskit_menu_toggle_icon_color": "globals\/colors?id=dcb4c1a",
                                    "elementskit_menu_toggle_icon_color_hover": "globals\/colors?id=secondary"
                                },
                                "elementskit_content_typography_font_size_tablet": {
                                    "unit": "px",
                                    "size": 18,
                                    "sizes": []
                                },
                                "elementskit_content_typography_font_size_mobile": {
                                    "unit": "px",
                                    "size": 18,
                                    "sizes": []
                                },
                                "elementskit_content_typography_line_height_tablet": {
                                    "unit": "em",
                                    "size": 1.3,
                                    "sizes": []
                                },
                                "elementskit_content_typography_line_height_mobile": {
                                    "unit": "em",
                                    "size": 1.3,
                                    "sizes": []
                                },
                                "elementskit_item_background_background": "classic",
                                "elementskit_item_background_hover_background": "classic",
                                "elementskit_menu_item_typography_font_size_mobile": {
                                    "unit": "px",
                                    "size": 16,
                                    "sizes": []
                                },
                                "elementskit_menu_item_typography_line_height_mobile": {
                                    "unit": "em",
                                    "size": 1.8,
                                    "sizes": []
                                },
                                "elementskit_menu_item_background_color": "#FFFFFF",
                                "elementskit_submenu_container_background_color": "#FFFFFF",
                                "elementskit_menu_toggle_icon_position_tablet": "right",
                                "elementskit_menu_toggle_border_radius_tablet": {
                                    "unit": "px",
                                    "size": 0,
                                    "sizes": []
                                },
                                "elementskit_menu_toggle_background_background": "classic",
                                "elementskit_menu_toggle_border_border": "solid",
                                "elementskit_menu_toggle_border_width_tablet": {
                                    "unit": "px",
                                    "top": "0",
                                    "right": "0",
                                    "bottom": "0",
                                    "left": "0",
                                    "isLinked": false
                                },
                                "elementskit_menu_toggle_background_hover_background": "classic",
                                "elementskit_menu_close_border_radius_tablet": {
                                    "unit": "px",
                                    "size": 1,
                                    "sizes": []
                                },
                                "elementskit_menu_close_background_background": "classic",
                                "elementskit_menu_close_border_border": "solid",
                                "elementskit_menu_close_border_width_tablet": {
                                    "unit": "px",
                                    "top": "0",
                                    "right": "0",
                                    "bottom": "0",
                                    "left": "0",
                                    "isLinked": true
                                },
                                "elementskit_menu_close_background_hover_background": "classic",
                                "elementskit_menu_close_border_hover_border": "solid",
                                "elementskit_menu_close_border_hover_width_tablet": {
                                    "unit": "px",
                                    "top": "0",
                                    "right": "0",
                                    "bottom": "0",
                                    "left": "0",
                                    "isLinked": true
                                },
                                "sub_panel_padding": {
                                    "unit": "px",
                                    "top": "10",
                                    "right": "10",
                                    "bottom": "10",
                                    "left": "10",
                                    "isLinked": false
                                }
                            },
                            "elements": [],
                            "isInner": false,
                            "widgetType": "ekit-nav-menu",
                            "elType": "widget"
                        }
                    ],
                    "isInner": false,
                    "elType": "column"
                },
                {
                    "id": "188c1769",
                    "settings": {
                        "_column_size": 33,
                        "_inline_size": 20,
                        "hide_tablet": "hidden-tablet",
                        "hide_mobile": "hidden-mobile"
                    },
                    "elements": [
                        {
                            "id": "73b09366",
                            "settings": {
                                "ekit_socialmedia_add_icons": [
                                    {
                                        "ekit_socialmedia_icons": {
                                            "value": "fab fa-facebook",
                                            "library": "fa-brands"
                                        },
                                        "ekit_socialmedia_label": "Facebook",
                                        "_id": "381dbf9",
                                        "ekit_socialmedia_icon_hover_bg_color": "",
                                        "__globals__": {
                                            "ekit_socialmedia_icon_color": "globals\/colors?id=secondary",
                                            "ekit_socialmedia_icon_hover_color": "globals\/colors?id=2567de4"
                                        }
                                    },
                                    {
                                        "ekit_socialmedia_icons": {
                                            "value": "fab fa-instagram",
                                            "library": "fa-brands"
                                        },
                                        "ekit_socialmedia_label": "Instagram",
                                        "ekit_socialmedia_icon_hover_bg_color": "",
                                        "_id": "5e8f13f",
                                        "__globals__": {
                                            "ekit_socialmedia_icon_color": "globals\/colors?id=secondary",
                                            "ekit_socialmedia_icon_hover_color": "globals\/colors?id=2567de4"
                                        }
                                    },
                                    {
                                        "ekit_socialmedia_icons": {
                                            "value": "icon icon-twitter",
                                            "library": "ekiticons"
                                        },
                                        "ekit_socialmedia_label": "Twitter",
                                        "ekit_socialmedia_icon_hover_bg_color": "",
                                        "_id": "a11f1d8",
                                        "__globals__": {
                                            "ekit_socialmedia_icon_color": "globals\/colors?id=secondary",
                                            "ekit_socialmedia_icon_hover_color": "globals\/colors?id=2567de4"
                                        }
                                    },
                                    {
                                        "_id": "6f5571a",
                                        "ekit_socialmedia_icons": {
                                            "value": "fab fa-youtube",
                                            "library": "fa-brands"
                                        },
                                        "ekit_socialmedia_label": "Youtube",
                                        "ekit_socialmedia_icon_hover_bg_color": "",
                                        "__globals__": {
                                            "ekit_socialmedia_icon_color": "globals\/colors?id=secondary",
                                            "ekit_socialmedia_icon_hover_color": "globals\/colors?id=2567de4"
                                        }
                                    }
                                ],
                                "_margin": {
                                    "unit": "%",
                                    "top": "7",
                                    "right": "-4",
                                    "bottom": "-4",
                                    "left": "-4",
                                    "isLinked": false
                                },
                                "_margin_tablet": {
                                    "unit": "%",
                                    "top": "0",
                                    "right": "0",
                                    "bottom": "0",
                                    "left": "0",
                                    "isLinked": false
                                },
                                "_margin_mobile": {
                                    "unit": "%",
                                    "top": "",
                                    "right": "",
                                    "bottom": "",
                                    "left": "",
                                    "isLinked": true
                                },
                                "ekit_socialmedai_list_align_tablet": "center",
                                "ekit_socialmedai_list_item_align": "left",
                                "ekit_socialmedai_list_item_align_tablet": "center",
                                "ekit_socialmedai_list_margin": {
                                    "unit": "px",
                                    "top": "15",
                                    "right": "15",
                                    "bottom": "15",
                                    "left": "15",
                                    "isLinked": true
                                },
                                "ekit_socialmedai_list_icon_size": {
                                    "unit": "px",
                                    "size": 28,
                                    "sizes": []
                                }
                            },
                            "elements": [],
                            "isInner": false,
                            "widgetType": "elementskit-social-media",
                            "elType": "widget"
                        }
                    ],
                    "isInner": false,
                    "elType": "column"
                }
            ],
            "isInner": false,
            "elType": "section"
        }
    ]
}