{
    "version": "0.4",
    "title": "Single Blog",
    "type": "page",
    "metadata": {
        "template_type": "single-page",
        "include_in_zip": "1",
        "elementor_pro_required": null,
        "wp_page_template": "elementor_header_footer"
    },
    "content": [
        {
            "id": "2c3a2338",
            "settings": {
                "height": "min-height",
                "custom_height": {
                    "unit": "vh",
                    "size": 40,
                    "sizes": []
                },
                "custom_height_tablet": {
                    "unit": "vh",
                    "size": "",
                    "sizes": []
                },
                "custom_height_mobile": {
                    "unit": "vh",
                    "size": "",
                    "sizes": []
                },
                "background_background": "classic",
                "background_image": {
                    "url": "http:\/\/mhkit.rometheme.pro\/moderior\/wp-content\/uploads\/sites\/4\/2022\/05\/mock-up-green-wall-with-green-sofa-and-decor-in-li-2022-05-11-00-23-53-S3JAHUY.jpg",
                    "id": 1307,
                    "alt": "",
                    "source": "library"
                },
                "background_position": "center center",
                "background_repeat": "no-repeat",
                "background_overlay_background": "classic",
                "__globals__": {
                    "background_overlay_color": "globals\/colors?id=primary"
                },
                "background_ypos": {
                    "unit": "px",
                    "size": -496,
                    "sizes": []
                },
                "background_size": "cover",
                "background_overlay_opacity": {
                    "unit": "px",
                    "size": 0.8,
                    "sizes": []
                },
                "padding": {
                    "unit": "em",
                    "top": "5",
                    "right": "0",
                    "bottom": "0",
                    "left": "0",
                    "isLinked": false
                },
                "padding_tablet": {
                    "unit": "em",
                    "top": "",
                    "right": "",
                    "bottom": "",
                    "left": "",
                    "isLinked": true
                },
                "padding_mobile": {
                    "unit": "em",
                    "top": "",
                    "right": "",
                    "bottom": "",
                    "left": "",
                    "isLinked": true
                },
                "_title": "Heading Page Section"
            },
            "elements": [
                {
                    "id": "59a72efc",
                    "settings": {
                        "_column_size": 100,
                        "_inline_size": null,
                        "padding": {
                            "unit": "em",
                            "top": "1",
                            "right": "1",
                            "bottom": "1",
                            "left": "1",
                            "isLinked": true
                        },
                        "padding_tablet": {
                            "unit": "em",
                            "top": "",
                            "right": "",
                            "bottom": "",
                            "left": "",
                            "isLinked": true
                        },
                        "padding_mobile": {
                            "unit": "em",
                            "top": "",
                            "right": "",
                            "bottom": "",
                            "left": "",
                            "isLinked": true
                        }
                    },
                    "elements": [
                        {
                            "id": "443726b9",
                            "settings": {
                                "title": "Moderior for London\u2019s Elite New Design Club",
                                "align": "center",
                                "__globals__": {
                                    "typography_typography": "globals\/typography?id=b19a301",
                                    "title_color": "globals\/colors?id=dcb4c1a"
                                }
                            },
                            "elements": [],
                            "isInner": false,
                            "widgetType": "heading",
                            "elType": "widget"
                        },
                        {
                            "id": "6084a757",
                            "settings": {
                                "width": {
                                    "unit": "%",
                                    "size": 10,
                                    "sizes": []
                                },
                                "text": "Divider",
                                "weight": {
                                    "unit": "px",
                                    "size": 3,
                                    "sizes": []
                                },
                                "__globals__": {
                                    "color": "globals\/colors?id=secondary"
                                },
                                "align": "center"
                            },
                            "elements": [],
                            "isInner": false,
                            "widgetType": "divider",
                            "elType": "widget"
                        },
                        {
                            "id": "707cb518",
                            "settings": {
                                "editor": "<p><a href=\"#\">Home<\/a> \/ Single Blog<\/p>",
                                "align": "center",
                                "__globals__": {
                                    "typography_typography": "globals\/typography?id=fe8f432",
                                    "text_color": "globals\/colors?id=dcb4c1a"
                                }
                            },
                            "elements": [],
                            "isInner": false,
                            "widgetType": "text-editor",
                            "elType": "widget"
                        }
                    ],
                    "isInner": false,
                    "elType": "column"
                }
            ],
            "isInner": false,
            "elType": "section"
        },
        {
            "id": "a63ecf0",
            "settings": {
                "margin": {
                    "unit": "px",
                    "top": "0",
                    "right": 0,
                    "bottom": "0",
                    "left": 0,
                    "isLinked": true
                },
                "padding": {
                    "unit": "em",
                    "top": "6",
                    "right": "1",
                    "bottom": "6",
                    "left": "1",
                    "isLinked": false
                },
                "padding_tablet": {
                    "unit": "em",
                    "top": "",
                    "right": "",
                    "bottom": "",
                    "left": "",
                    "isLinked": true
                },
                "padding_mobile": {
                    "unit": "em",
                    "top": "",
                    "right": "",
                    "bottom": "",
                    "left": "",
                    "isLinked": true
                },
                "structure": "20",
                "background_background": "classic",
                "__globals__": {
                    "background_color": "globals\/colors?id=accent"
                },
                "_title": "Single Blog Section"
            },
            "elements": [
                {
                    "id": "3389c546",
                    "settings": {
                        "_column_size": 50,
                        "_inline_size": 75,
                        "margin": {
                            "unit": "%",
                            "top": "",
                            "right": "",
                            "bottom": "",
                            "left": "",
                            "isLinked": true
                        },
                        "margin_tablet": {
                            "unit": "%",
                            "top": "",
                            "right": "",
                            "bottom": "",
                            "left": "",
                            "isLinked": true
                        },
                        "margin_mobile": {
                            "unit": "%",
                            "top": "",
                            "right": "",
                            "bottom": "",
                            "left": "",
                            "isLinked": true
                        },
                        "padding": {
                            "unit": "em",
                            "top": "",
                            "right": "",
                            "bottom": "",
                            "left": "",
                            "isLinked": true
                        },
                        "padding_tablet": {
                            "unit": "em",
                            "top": "",
                            "right": "",
                            "bottom": "",
                            "left": "",
                            "isLinked": true
                        },
                        "padding_mobile": {
                            "unit": "em",
                            "top": "",
                            "right": "",
                            "bottom": "",
                            "left": "",
                            "isLinked": true
                        },
                        "_inline_size_tablet": 100
                    },
                    "elements": [
                        {
                            "id": "7cc78686",
                            "settings": {
                                "image": {
                                    "url": "http:\/\/mhkit.rometheme.pro\/moderior\/wp-content\/uploads\/sites\/4\/2022\/05\/stylish-empty-restaurant-interior-2022-05-08-22-16-18-4KLCGYQ.jpg",
                                    "id": 708,
                                    "alt": "",
                                    "source": "library"
                                },
                                "image_size": "full",
                                "align": "left",
                                "_margin": {
                                    "unit": "%",
                                    "top": "",
                                    "right": "",
                                    "bottom": "",
                                    "left": "",
                                    "isLinked": true
                                },
                                "_margin_tablet": {
                                    "unit": "%",
                                    "top": "",
                                    "right": "",
                                    "bottom": "",
                                    "left": "",
                                    "isLinked": true
                                },
                                "_margin_mobile": {
                                    "unit": "%",
                                    "top": "",
                                    "right": "",
                                    "bottom": "",
                                    "left": "",
                                    "isLinked": true
                                }
                            },
                            "elements": [],
                            "isInner": false,
                            "widgetType": "image",
                            "elType": "widget"
                        },
                        {
                            "id": "7fc80775",
                            "settings": {
                                "editor": "<p>Lorem ipsum dolor sit amet, consectetur adipiscing elit. Sed vel venenatis felis. Donec eget eleifend neque, at cursus dui. Nunc pellentesque tellus non scelerisque facilisis. Aliquam vulputate mauris pretium sem mattis elementum. Sed et nulla vitae lacus congue sagittis non vulputate nisl. Proin nec congue velit, vitae faucibus orci. Class aptent taciti sociosqu ad litora torquent per conubia nostra, per inceptos himenaeos. Sed nec lectus hendrerit, lobortis ante mattis, tempor odio. Vivamus euismod mauris velit, molestie egestas leo ornare eget. Curabitur nec viverra massa. Nullam ex leo, fermentum imperdiet tortor eu, mattis fringilla turpis. Mauris laoreet nisl vitae pharetra condimentum. Integer dignissim ornare elit, a cursus ligula vulputate at. Aenean sagittis eros eget elementum interdum.<\/p><p>Quisque eget eleifend sapien. Proin tempus, massa at tempus blandit, quam nunc venenatis sapien, sed vulputate elit ligula quis sem. Suspendisse malesuada vestibulum augue non sagittis. Nullam vitae erat rhoncus lorem facilisis posuere. Aenean tristique ac mi id egestas. Nullam ut dui ut risus porttitor auctor. Cras eget accumsan arcu. Nam finibus, tellus eleifend mollis venenatis, neque risus placerat mauris, varius blandit sapien mauris eget enim. Pellentesque gravida, mi tempor semper volutpat, nunc turpis posuere nibh, ut vehicula urna neque quis sem.<\/p><p>Morbi ullamcorper finibus mauris, eu dignissim arcu venenatis eget. In hac habitasse platea dictumst. Vivamus neque eros, tempor malesuada erat vitae, hendrerit vestibulum diam. Donec aliquet quam id magna facilisis, non imperdiet magna ullamcorper. Integer in molestie arcu. Praesent vitae leo varius, maximus leo eget, iaculis mi. Etiam iaculis ut felis eu posuere. Ut mollis mattis finibus. Phasellus mattis posuere nisi a ullamcorper. Fusce vitae lacus fringilla turpis dapibus cursus.<\/p><p>Nam nunc risus, maximus ac dolor scelerisque, bibendum laoreet orci. Sed sit amet est mauris. Pellentesque quam nisl, finibus id blandit quis, pulvinar vel velit. Sed porta risus in mi fermentum, nec commodo eros lobortis. Integer tempor rhoncus lacus quis pellentesque. Nam vitae orci lobortis, consectetur magna id, eleifend nisi. Donec leo nunc, varius ut tellus sed, dapibus vulputate purus.<\/p><p>Cras nulla nisl, imperdiet ac neque a, finibus facilisis nisi. Nam at arcu arcu. Quisque tincidunt ex a interdum tempor. Aliquam vitae arcu quam. Fusce pellentesque velit in tortor congue laoreet. Donec aliquam ante vel porttitor dignissim. Vestibulum erat eros, sodales quis maximus at, aliquam quis lacus. Pellentesque laoreet ligula ac rutrum aliquam. Ut venenatis blandit ultrices. Etiam tempus a eros pellentesque facilisis. Mauris tristique ullamcorper leo. Morbi ut tellus hendrerit, viverra odio eu, egestas nunc.<\/p>"
                            },
                            "elements": [],
                            "isInner": false,
                            "widgetType": "text-editor",
                            "elType": "widget"
                        }
                    ],
                    "isInner": false,
                    "elType": "column"
                },
                {
                    "id": "7c50b3ab",
                    "settings": {
                        "_column_size": 50,
                        "_inline_size": 25,
                        "_inline_size_tablet": 100
                    },
                    "elements": [
                        {
                            "id": "796584bb",
                            "settings": {
                                "background_background": "classic",
                                "background_image": {
                                    "url": "http:\/\/mhkit.rometheme.pro\/moderior\/wp-content\/uploads\/sites\/4\/2022\/05\/pillows-on-comfortable-sofa-in-bright-living-room-2022-02-02-04-52-01-7XKBDRS-b.jpg",
                                    "id": 1149,
                                    "alt": "",
                                    "source": "library"
                                },
                                "background_overlay_background": "classic",
                                "background_overlay_image": {
                                    "url": "",
                                    "id": "",
                                    "alt": "",
                                    "source": "library"
                                },
                                "css_filters_saturate": {
                                    "unit": "px",
                                    "size": 0,
                                    "sizes": []
                                },
                                "padding": {
                                    "unit": "px",
                                    "top": "70",
                                    "right": "0",
                                    "bottom": "70",
                                    "left": "0",
                                    "isLinked": false
                                },
                                "__globals__": {
                                    "background_color": "",
                                    "background_overlay_color": "globals\/colors?id=primary"
                                },
                                "background_position": "center center",
                                "background_repeat": "no-repeat",
                                "background_size": "cover",
                                "background_overlay_color": "#F6F0E4"
                            },
                            "elements": [
                                {
                                    "id": "647c4d93",
                                    "settings": {
                                        "_column_size": 100,
                                        "_inline_size": null,
                                        "padding": {
                                            "unit": "em",
                                            "top": "2",
                                            "right": "2",
                                            "bottom": "2",
                                            "left": "2",
                                            "isLinked": true
                                        },
                                        "padding_tablet": {
                                            "unit": "em",
                                            "top": "",
                                            "right": "",
                                            "bottom": "",
                                            "left": "",
                                            "isLinked": true
                                        },
                                        "padding_mobile": {
                                            "unit": "em",
                                            "top": "",
                                            "right": "",
                                            "bottom": "",
                                            "left": "",
                                            "isLinked": true
                                        }
                                    },
                                    "elements": [
                                        {
                                            "id": "34bf7931",
                                            "settings": {
                                                "title": "LET'S DISCUSS YOUR PROJECT WITH US",
                                                "align": "center",
                                                "_padding": {
                                                    "unit": "em",
                                                    "top": "",
                                                    "right": "",
                                                    "bottom": "",
                                                    "left": "",
                                                    "isLinked": true
                                                },
                                                "_padding_tablet": {
                                                    "unit": "em",
                                                    "top": "",
                                                    "right": "",
                                                    "bottom": "",
                                                    "left": "",
                                                    "isLinked": true
                                                },
                                                "_padding_mobile": {
                                                    "unit": "em",
                                                    "top": "",
                                                    "right": "",
                                                    "bottom": "",
                                                    "left": "",
                                                    "isLinked": true
                                                },
                                                "__globals__": {
                                                    "typography_typography": "globals\/typography?id=b19a301",
                                                    "title_color": "globals\/colors?id=dcb4c1a"
                                                }
                                            },
                                            "elements": [],
                                            "isInner": false,
                                            "widgetType": "heading",
                                            "elType": "widget"
                                        },
                                        {
                                            "id": "623e4282",
                                            "settings": {
                                                "editor": "<p>Lorem ipsum dolor sit amet, consectetur adipiscing elit. Ut elit<\/p>",
                                                "align": "center",
                                                "__globals__": {
                                                    "typography_typography": "globals\/typography?id=text",
                                                    "text_color": "globals\/colors?id=dcb4c1a"
                                                }
                                            },
                                            "elements": [],
                                            "isInner": false,
                                            "widgetType": "text-editor",
                                            "elType": "widget"
                                        },
                                        {
                                            "id": "2b501c0a",
                                            "settings": {
                                                "text": "Contact Us",
                                                "align": "center",
                                                "size": "md",
                                                "__globals__": {
                                                    "button_text_color": "globals\/colors?id=dcb4c1a",
                                                    "background_color": "globals\/colors?id=secondary",
                                                    "hover_color": "globals\/colors?id=secondary",
                                                    "button_background_hover_color": "globals\/colors?id=dcb4c1a"
                                                }
                                            },
                                            "elements": [],
                                            "isInner": false,
                                            "widgetType": "button",
                                            "elType": "widget"
                                        }
                                    ],
                                    "isInner": true,
                                    "elType": "column"
                                }
                            ],
                            "isInner": true,
                            "elType": "section"
                        },
                        {
                            "id": "165096a3",
                            "settings": {
                                "title": "Follow Us On",
                                "header_size": "h4",
                                "align": "left",
                                "align_tablet": "center",
                                "_margin": {
                                    "unit": "%",
                                    "top": "8",
                                    "right": "0",
                                    "bottom": "0",
                                    "left": "0",
                                    "isLinked": false
                                },
                                "_margin_tablet": {
                                    "unit": "%",
                                    "top": "",
                                    "right": "",
                                    "bottom": "",
                                    "left": "",
                                    "isLinked": true
                                },
                                "_margin_mobile": {
                                    "unit": "%",
                                    "top": "",
                                    "right": "",
                                    "bottom": "",
                                    "left": "",
                                    "isLinked": true
                                },
                                "__globals__": {
                                    "typography_typography": "globals\/typography?id=5d0a1ee",
                                    "title_color": "globals\/colors?id=2567de4"
                                }
                            },
                            "elements": [],
                            "isInner": false,
                            "widgetType": "heading",
                            "elType": "widget"
                        },
                        {
                            "id": "1accdf42",
                            "settings": {
                                "ekit_socialmedia_add_icons": [
                                    {
                                        "ekit_socialmedia_icons": {
                                            "value": "fab fa-facebook",
                                            "library": "fa-brands"
                                        },
                                        "ekit_socialmedia_label": "Facebook",
                                        "_id": "381dbf9",
                                        "ekit_socialmedia_icon_hover_bg_color": "",
                                        "__globals__": {
                                            "ekit_socialmedia_icon_color": "globals\/colors?id=secondary",
                                            "ekit_socialmedia_icon_hover_color": "globals\/colors?id=2567de4"
                                        }
                                    },
                                    {
                                        "ekit_socialmedia_icons": {
                                            "value": "fab fa-instagram",
                                            "library": "fa-brands"
                                        },
                                        "ekit_socialmedia_label": "Instagram",
                                        "ekit_socialmedia_icon_hover_bg_color": "",
                                        "_id": "5e8f13f",
                                        "__globals__": {
                                            "ekit_socialmedia_icon_color": "globals\/colors?id=secondary",
                                            "ekit_socialmedia_icon_hover_color": "globals\/colors?id=2567de4"
                                        }
                                    },
                                    {
                                        "ekit_socialmedia_icons": {
                                            "value": "icon icon-twitter",
                                            "library": "ekiticons"
                                        },
                                        "ekit_socialmedia_label": "Twitter",
                                        "ekit_socialmedia_icon_hover_bg_color": "",
                                        "_id": "a11f1d8",
                                        "__globals__": {
                                            "ekit_socialmedia_icon_color": "globals\/colors?id=secondary",
                                            "ekit_socialmedia_icon_hover_color": "globals\/colors?id=2567de4"
                                        }
                                    },
                                    {
                                        "_id": "6f5571a",
                                        "ekit_socialmedia_icons": {
                                            "value": "fab fa-youtube",
                                            "library": "fa-brands"
                                        },
                                        "ekit_socialmedia_label": "Youtube",
                                        "ekit_socialmedia_icon_hover_bg_color": "",
                                        "__globals__": {
                                            "ekit_socialmedia_icon_color": "globals\/colors?id=secondary",
                                            "ekit_socialmedia_icon_hover_color": "globals\/colors?id=2567de4"
                                        }
                                    }
                                ],
                                "_margin": {
                                    "unit": "%",
                                    "top": "-5",
                                    "right": "0",
                                    "bottom": "0",
                                    "left": "0",
                                    "isLinked": false
                                },
                                "_margin_tablet": {
                                    "unit": "%",
                                    "top": "0",
                                    "right": "0",
                                    "bottom": "0",
                                    "left": "0",
                                    "isLinked": false
                                },
                                "_margin_mobile": {
                                    "unit": "%",
                                    "top": "",
                                    "right": "",
                                    "bottom": "",
                                    "left": "",
                                    "isLinked": true
                                },
                                "ekit_socialmedai_list_align": "left",
                                "ekit_socialmedai_list_align_tablet": "center",
                                "ekit_socialmedai_list_item_align": "left",
                                "ekit_socialmedai_list_item_align_tablet": "center",
                                "ekit_socialmedai_list_margin": {
                                    "unit": "px",
                                    "top": "15",
                                    "right": "15",
                                    "bottom": "15",
                                    "left": "15",
                                    "isLinked": true
                                },
                                "ekit_socialmedai_list_icon_size": {
                                    "unit": "px",
                                    "size": 30,
                                    "sizes": []
                                }
                            },
                            "elements": [],
                            "isInner": false,
                            "widgetType": "elementskit-social-media",
                            "elType": "widget"
                        }
                    ],
                    "isInner": false,
                    "elType": "column"
                }
            ],
            "isInner": false,
            "elType": "section"
        }
    ]
}